Wavelength,imx_u,imx_g,imx_r,imx_i,imx_z,hwk_u,hwk_g,hwk_r,hwk_i,hwk_z,imx_bb,hwk_bb
300,0,0,0,0,0,0,0,0,0,0,0,0
305,0,0,0,0,0,0,0,0,0,0,0,0
310,5.75987E-06,0,0,0,0,6.54201E-05,0,0,0,0,0,0
315,1.02663E-05,0,0,0,0,0.000119403,0,0,0,0,0,0
320,4.01146E-05,0,0,0,0,0.000502744,0,0,0,0,0,0
325,4.75565E-05,0,0,0,0,0.000615678,0,0,0,0,0,0
330,0.000279739,0,0,0,0,0.003422078,0,0,0,0,0,0
335,0.003057624,0,0,0,0,0.031239091,0,0,0,0,0,0
340,0.011175699,0,0,0,0,0.089540903,0,0,0,0,0.000124223,0.000995289
345,0.023840297,0,0,0,0,0.149480594,0,0,0,0,0.000277013,0.001736896
350,0.038279629,0,0,0,0,0.188430884,0,0,0,0,0.000447791,0.002204242
355,0.054600769,0,0,0,0,0.212543076,0,0,0,0,0.000517898,0.002016009
360,0.072171148,0,0,0,0,0.22292229,0,0,0,0,0.000529768,0.001636347
365,0.090796137,0,0,0,0,0.225740085,0,0,0,0,0.000561896,0.001397004
370,0.111180347,0,0,0,0,0.22947187,0,0,0,0,0.000691331,0.001426879
375,0.135043772,0,0,0,0,0.241732132,0,0,0,0,0.000837628,0.001499377
380,0.170028492,0,0,0,0,0.269972318,0,0,0,0,0.000958528,0.001521957
385,0.215845264,0,0,0,0,0.306091169,0,0,0,0,0.001297131,0.001839468
390,0.261164318,0,0,0,0,0.339287265,0,0,0,0,0.001689549,0.00219495
395,0.053715495,0.005790877,0,0,0,0.066441211,0.007162792,0,0,0,0.00209356,0.002589544
400,0.000478076,0.1583903,0,0,0,0.000573928,0.190146808,0,0,0,0.00251047,0.003013807
405,0,0.365517275,0,0,0,0,0.425402934,0,0,0,0.00289605,0.003370533
410,0,0.394293389,0,0,0,0,0.446265698,0,0,0,0.003320612,0.003758307
415,0,0.427876973,0,0,0,0,0.467066835,0,0,0,0.003769468,0.004114718
420,0,0.451549337,0,0,0,0,0.474013223,0,0,0,0.023474398,0.024642213
425,0,0.484450493,0,0,0,0,0.491517284,0,0,0,0.085846062,0.087098318
430,0,0.497842479,0,0,0,0,0.492943165,0,0,0,0.249577871,0.247121752
435,0,0.510361133,0,0,0,0,0.496975856,0,0,0,0.424537138,0.413402773
440,0,0.53522481,0,0,0,0,0.513425517,0,0,0,0.502488743,0.482022765
445,0,0.551176575,0,0,0,0,0.523111065,0,0,0,0.533298573,0.506143398
450,0,0.557110236,0,0,0,0,0.524896252,0,0,0,0.537698885,0.50660733
455,0,0.57332807,0,0,0,0,0.535106104,0,0,0,0.553104233,0.516230526
460,0,0.578052409,0,0,0,0,0.533274985,0,0,0,0.554785913,0.511810771
465,0,0.588887323,0,0,0,0,0.540150699,0,0,0,0.564637283,0.517907605
470,0,0.588531764,0,0,0,0,0.540741471,0,0,0,0.562045496,0.516405956
475,0,0.592012844,0,0,0,0,0.54131046,0,0,0,0.565929134,0.517460665
480,0,0.613175684,0,0,0,0,0.550971451,0,0,0,0.584637586,0.52532843
485,0,0.618625062,0,0,0,0,0.548989811,0,0,0,0.590212537,0.52377553
490,0,0.618546602,0,0,0,0,0.549348341,0,0,0,0.588266126,0.522455413
495,0,0.616586415,0,0,0,0,0.549501045,0,0,0,0.583768766,0.520253998
500,0,0.609051376,0,0,0,0,0.546592929,0,0,0,0.578758198,0.519406328
505,0,0.605901254,0,0,0,0,0.545366453,0,0,0,0.577145712,0.51948384
510,0,0.606409987,0,0,0,0,0.544940822,0,0,0,0.576546094,0.518104103
515,0,0.602918206,0,0,0,0,0.542160184,0,0,0,0.573742856,0.515924928
520,0,0.593114538,0,0,0,0,0.537532599,0,0,0,0.572973599,0.519279108
525,0,0.589960241,0,0,0,0,0.539007908,0,0,0,0.567164097,0.518180569
530,0,0.583434239,0,0,0,0,0.537225224,0,0,0,0.562732303,0.518162918
535,0,0.580943406,0,0,0,0,0.539775844,0,0,0,0.558585111,0.519001932
540,0,0.577914756,0.000355196,0,0,0,0.541013683,0.000332516,0,0,0.55497403,0.519537771
545,0,0.559591691,0.004171118,0,0,0,0.521964647,0.003890652,0,0,0.539063278,0.502816569
550,0,0.223353113,0.04486907,0,0,0,0.207703382,0.041725219,0,0,0.533647243,0.496256065
555,0,0.01540972,0.426583143,0,0,0,0.014436155,0.39963222,0,0,0.531700503,0.498108413
560,0,0.001732385,0.538845479,0,0,0,0.001643574,0.511221359,0,0,0.522126545,0.495359528
565,0,0,0.532623872,0,0,0,0,0.507669752,0,0,0.514086851,0.490001214
570,0,0,0.529333574,0,0,0,0,0.508855026,0,0,0.510810739,0.491048791
575,0,0,0.523077333,0,0,0,0,0.506593418,0,0,0.504041382,0.488157353
580,0,0,0.509179363,0,0,0,0,0.498750141,0,0,0.4895441,0.479517056
585,0,0,0.496919938,0,0,0,0,0.490132947,0,0,0.480280341,0.473720616
590,0,0,0.489825144,0,0,0,0,0.489252466,0,0,0.470804985,0.470254544
595,0,0,0.481865842,0,0,0,0,0.484262245,0,0,0.465069771,0.467382644
600,0,0,0.475756613,0,0,0,0,0.485554058,0,0,0.455215252,0.46458968
605,0,0,0.465041509,0,0,0,0,0.479888259,0,0,0.445035376,0.459243417
610,0,0,0.447899231,0,0,0,0,0.472361811,0,0,0.426810965,0.450121783
615,0,0,0.440671875,0,0,0,0,0.467976582,0,0,0.41634325,0.442140518
620,0,0,0.433197562,0,0,0,0,0.463937157,0,0,0.408993926,0.438016037
625,0,0,0.426747174,0,0,0,0,0.457580768,0,0,0.40648491,0.435854502
630,0,0,0.418418996,0,0,0,0,0.452036733,0,0,0.40104728,0.433269293
635,0,0,0.412205511,0,0,0,0,0.44766675,0,0,0.393989701,0.427883869
640,0,0,0.396712927,0,0,0,0,0.443403798,0,0,0.378199938,0.422711934
645,0,0,0.387925201,0,0,0,0,0.437685058,0,0,0.372861166,0.420688732
650,0,0,0.375254477,0,0,0,0,0.429220842,0,0,0.362650102,0.414803798
655,0,0,0.368722725,0,0,0,0,0.421368642,0,0,0.358966942,0.410219936
660,0,0,0.35445921,0,0,0,0,0.412430646,0,0,0.345276422,0.401746023
665,0,0,0.34955174,0,0,0,0,0.410011597,0,0,0.340701967,0.399631132
670,0,0,0.338612069,0,0,0,0,0.406647275,0,0,0.330186429,0.396528725
675,0,0,0.324974736,0,0,0,0,0.396166256,0,0,0.319428314,0.389404791
680,0,0,0.319022265,0.00014354,0,0,0,0.393957622,0.000177256,0,0.311436056,0.384589483
685,0,0,0.307833624,0.00052559,0,0,0,0.384388764,0.0006563,0,0.300785587,0.375587952
690,0,0,0.20129168,0.002954019,0,0,0,0.257132519,0.003773501,0,0.291881082,0.372852559
695,0,0,0.026070221,0.018271678,0,0,0,0.033570485,0.023528343,0,0.28555602,0.367708973
700,0,0,0.002482765,0.10998978,0,0,0,0.003261461,0.144487049,0,0.275518456,0.361932252
705,0,0,0.000339195,0.265373301,0,0,0,0.000451383,0.353144196,0,0.268957582,0.357913961
710,0,0,0,0.262899275,0,0,0,0,0.362056996,0,0.2551556,0.351392639
715,0,0,0,0.256200493,0,0,0,0,0.361656169,0,0.247789218,0.349782698
720,0,0,0,0.243038127,0,0,0,0,0.355954816,0,0.235117077,0.344353608
725,0,0,0,0.237551229,0,0,0,0,0.353135055,0,0.230258394,0.34229379
730,0,0,0,0.229546968,0,0,0,0,0.346795712,0,0.223111092,0.337072499
735,0,0,0,0.223160196,0,0,0,0,0.342747877,0,0.217719797,0.334392062
740,0,0,0,0.211390735,0,0,0,0,0.338367506,0,0.206291262,0.330204916
745,0,0,0,0.204996885,0,0,0,0,0.335130333,0,0.200667367,0.328052406
750,0,0,0,0.198318081,0,0,0,0,0.329719477,0,0.193987235,0.322519104
755,0,0,0,0.193952455,0,0,0,0,0.327083487,0,0.189438363,0.319470874
760,0,0,0,0.184105624,0,0,0,0,0.322877531,0,0.179421817,0.314663247
765,0,0,0,0.177374467,0,0,0,0,0.319824722,0,0.172275556,0.310630852
770,0,0,0,0.171031429,0,0,0,0,0.317724945,0,0.165526461,0.307498371
775,0,0,0,0.166410414,0,0,0,0,0.31241723,0,0.160637763,0.301579712
780,0,0,0,0.162304548,0,0,0,0,0.307405848,0,0.156689729,0.296771345
785,0,0,0,0.158140545,0,0,0,0,0.303983019,0,0.153579909,0.295216414
790,0,0,0,0.152569022,0,0,0,0,0.300774556,0,0.148721624,0.293189797
795,0,0,0,0.14775941,0,0,0,0,0.297736912,0,0.144874879,0.291924549
800,0,0,0,0.141239081,0,0,0,0,0.294994097,0,0.139393989,0.291140409
805,0,0,0,0.137637319,0,0,0,0,0.292612297,0,0.136289402,0.289746672
810,0,0,0,0.134461344,0.000141597,0,0,0,0.288167247,0.00030346,0.133243827,0.285557956
815,0,0,0,0.132719841,0.000376692,0,0,0,0.283328958,0.000804157,0.131868838,0.281512246
820,0,0,0,0.129514109,0.001089289,0,0,0,0.277824305,0.002336665,0.128250884,0.275114527
825,0,0,0,0.120516887,0.003600679,0,0,0,0.272820685,0.008151055,0.118598237,0.268477331
830,0,0,0,0.109642664,0.014233158,0,0,0,0.268252204,0.034822903,0.107088962,0.262004306
835,0,0,0,0.109478983,0.057141792,0,0,0,0.265101126,0.138367685,0.106396798,0.257637676
840,0,0,0,0.115231226,0.108150295,0,0,0,0.259751692,0.243790013,0.111775715,0.251962354
845,0,0,0,0.095936217,0.114179449,0,0,0,0.210591149,0.250637164,0.111781316,0.245372982
850,0,0,0,0.023539491,0.106532354,0,0,0,0.05430633,0.24577342,0.104721806,0.24159643
855,0,0,0,0.003358133,0.09831996,0,0,0,0.008424603,0.246656861,0.096720165,0.242643431
860,0,0,0,0.00062569,0.088727119,0,0,0,0.001701969,0.241350804,0.086828974,0.236187569
865,0,0,0,0.000168375,0.086784073,0,0,0,0.000460734,0.23747197,0.084102089,0.230133112
870,0,0,0,5.72753E-05,0.088974241,0,0,0,0.000149309,0.231943964,0.085361641,0.222526399
875,0,0,0,0,0.08863708,0,0,0,0,0.226762985,0.081829835,0.2093478
880,0,0,0,0,0.086646377,0,0,0,0,0.221403887,0.069983749,0.178826564
885,0,0,0,0,0.081019409,0,0,0,0,0.215366924,0.049492918,0.131562766
890,0,0,0,0,0.070659214,0,0,0,0,0.208031667,0.027032413,0.079587608
895,0,0,0,0,0.064655738,0,0,0,0,0.201576771,0.011943698,0.03723679
900,0,0,0,0,0.063553637,0,0,0,0,0.194070392,0.004802245,0.014664361
905,0,0,0,0,0.063434825,0,0,0,0,0.186229053,0.002109855,0.006194017
910,0,0,0,0,0.062613032,0,0,0,0,0.177061315,0.001012294,0.002862634
915,0,0,0,0,0.058968455,0,0,0,0,0.173881384,0,0
920,0,0,0,0,0.05320971,0,0,0,0,0.166744457,0,0
925,0,0,0,0,0.049524224,0,0,0,0,0.157755213,0,0
930,0,0,0,0,0.047102437,0,0,0,0,0.147984612,0,0
935,0,0,0,0,0.045817638,0,0,0,0,0.14018373,0,0
940,0,0,0,0,0.044579338,0,0,0,0,0.133166089,0,0
945,0,0,0,0,0.041747446,0,0,0,0,0.129032486,0,0
950,0,0,0,0,0.038024945,0,0,0,0,0.124724863,0,0
955,0,0,0,0,0.034813109,0,0,0,0,0.116204469,0,0
960,0,0,0,0,0.032215599,0,0,0,0,0.107975411,0,0
965,0,0,0,0,0.02950818,0,0,0,0,0.10014975,0,0
970,0,0,0,0,0.026835545,0,0,0,0,0.092587405,0,0
975,0,0,0,0,0.026220618,0,0,0,0,0.084351692,0,0
980,0,0,0,0,0.026208295,0,0,0,0,0.075767856,0,0
985,0,0,0,0,0.023941799,0,0,0,0,0.068442726,0,0
990,0,0,0,0,0.020519546,0,0,0,0,0.06249583,0,0
995,0,0,0,0,0.017064135,0,0,0,0,0.059039664,0,0
1000,0,0,0,0,0.013613649,0,0,0,0,0.054859103,0,0
1005,0,0,0,0,0.01298518,0,0,0,0,0.049097855,0,0
1010,0,0,0,0,0.012271684,0,0,0,0,0.041398702,0,0
1015,0,0,0,0,0.011653218,0,0,0,0,0.034038246,0,0
1020,0,0,0,0,0.010948492,0,0,0,0,0.028006996,0,0
1025,0,0,0,0,0.010280728,0,0,0,0,0.023457001,0,0
1030,0,0,0,0,0.009629191,0,0,0,0,0.020148475,0,0
1035,0,0,0,0,0.008949853,0,0,0,0,0.017355134,0,0
1040,0,0,0,0,0.008273483,0,0,0,0,0.014714751,0,0
1045,0,0,0,0,0.007568311,0,0,0,0,0.012410794,0,0
1050,0,0,0,0,0.006889863,0,0,0,0,0.009793568,0,0
1055,0,0,0,0,0.006204606,0,0,0,0,0.007882406,0,0
1060,0,0,0,0,0.005525234,0,0,0,0,0.006485887,0,0
1065,0,0,0,0,0.004832109,0,0,0,0,0.005297481,0,0
1070,0,0,0,0,0.004139003,0,0,0,0,0.004589311,0,0
1075,0,0,0,0,0.003454199,0,0,0,0,0.003890437,0,0
1080,0,0,0,0,0.002764038,0,0,0,0,0.003185616,0,0
1085,0,0,0,0,0.002083025,0,0,0,0,0.002491829,0,0
1090,0,0,0,0,0.001390606,0,0,0,0,0.002085909,0,0
1095,0,0,0,0,0.000695446,0,0,0,0,0.002086339,0,0
1100,0,0,0,0,0,0,0,0,0,0.001560423,0,0
