wavelength_nm,surface_mirror_PM,surface_mirror_SM,surface_mirror_TM,surface_mirror_FSM,surface_filter_sloan_u,surface_detector,subsystem_telescope,subsystem_photometric_instrument,instrument_photometer
300.0,0.9221818181818183,0.0818639798488664,0.0818639798488664,0.0818639798488664,0.0,0.0,0.0005059354585130762,0.0,0.0
305.0,0.9228545454545456,0.08278752576139213,0.08278752576139213,0.08278752576139213,0.012,0.046533026925250826,0.0005236341535271669,0.0005583963231030099,2.9239538598072697e-07
310.0,0.9225454545454547,0.08371107167391788,0.08371107167391788,0.08371107167391788,0.0892,0.048779259907122556,0.0005411734461825123,0.004351109983715332,2.354705184606361e-06
315.0,0.9225454545454547,0.09521095717884193,0.09521095717884193,0.09521095717884193,0.2334,0.04925846605131867,0.0007962483898583851,0.011496925976377777,9.154408797011847e-06
320.0,0.9225454545454547,0.13210831860529068,0.13210831860529068,0.13210831860529068,0.387,0.046970367269709684,0.002127052791701987,0.01817753213337765,3.86645704705535e-05
325.0,0.9236363636363636,0.14040188944080528,0.14040188944080528,0.14040188944080528,0.5195,0.0465288998169774,0.002556347440352901,0.024171763454919757,6.179142563679991e-05
330.0,0.9236727272727272,0.2748223453283548,0.2748223453283548,0.2748223453283548,0.6021,0.05028031090779239,0.019172301293294475,0.030273775197581797,0.0005804179393735036
335.0,0.924,0.5034477696792105,0.5034477696792105,0.5034477696792105,0.687,0.06152967853679911,0.1179058177993879,0.04227088915478099,0.00498398375490173
340.0,0.9246545454545455,0.6952708906157972,0.6952708906157972,0.6952708906157972,0.7181,0.07990895153249743,0.31077183310763756,0.0573826180954864,0.017832901414049803
345.0,0.9249636363636364,0.7734392743128818,0.7734392743128818,0.7734392743128818,0.7483,0.10380215703015493,0.4279601421898588,0.07767515410566493,0.03324186999567956
350.0,0.9250909090909092,0.8071664015686738,0.8071664015686738,0.8071664015686738,0.7363,0.13393188169655432,0.48648969041700796,0.09861404449317293,0.047974715976252746
355.0,0.9254545454545456,0.83269956232643,0.83269956232643,0.83269956232643,0.7479,0.17098414264025716,0.5343429724302388,0.12787904028064834,0.06833126649508786
360.0,0.9258909090909093,0.8366486825327576,0.8366486825327576,0.8366486825327576,0.7684,0.21715936918184175,0.5422370821502679,0.1668652592793272,0.09048053130387029
365.0,0.9261818181818182,0.8398709138628325,0.8398709138628325,0.8398709138628325,0.638,0.2714529990324181,0.5486986285019732,0.17318701338268275,0.09502747671743089
370.0,0.9265090909090912,0.8426979723142773,0.8426979723142773,0.8426979723142773,0.647,0.33072340979586784,0.5544540138022184,0.2139780461379265,0.11864098654672962
375.0,0.9265454545454549,0.8436844872662932,0.8436844872662932,0.8436844872662932,0.5345,0.39392136021935,0.5564253676166921,0.21055096703724255,0.11715589923574772
380.0,0.926909090909091,0.8518695193900802,0.8518695193900802,0.8518695193900802,0.4232,0.4597019632868291,0.5730023181179338,0.19454587086298608,0.11147523498476322
385.0,0.9272727272727272,0.8966434766786245,0.8966434766786245,0.8966434766786245,0.2766,0.5203429408511275,0.6684468272482889,0.14392685743942188,0.09620745121119834
390.0,0.9272727272727272,0.9199922400665812,0.9199922400665812,0.9199922400665812,0.1172,0.5738610798165849,0.7220378746055686,0.06725651855450375,0.048561753710463874
395.0,0.9272727272727272,0.9376012924722311,0.9376012924722311,0.9376012924722311,0.0296,0.6203373583918507,0.7642968657758084,0.01836198580839878,0.01403400820277906
400.0,0.9272727272727272,0.9483612446359113,0.9483612446359113,0.9483612446359113,0.004,0.65904679570464,0.7909133032399882,0.00263618718281856,0.002084995512721946
405.0,0.9272727272727272,0.9553756140045986,0.9553756140045986,0.9553756140045986,0.0003,0.6917756814481301,0.8085929337260971,0.000207532704434439,0.00016780947832275404
410.0,0.9272727272727272,0.9611647807231392,0.9611647807231392,0.9611647807231392,0.0,0.7214743525837485,0.8233813641395626,0.0,0.0
415.0,0.9272727272727272,0.9644150342669122,0.9644150342669122,0.9644150342669122,0.0,0.7532934402367396,0.8317626268239783,0.0,0.0
420.0,0.9274181818181818,0.9676652878106853,0.9676652878106853,0.9676652878106853,0.0,0.7862387698807916,0.8403323692460782,0.0,0.0
425.0,0.9279999999999999,0.9706700391473314,0.9706700391473314,0.9706700391473314,0.0,0.8163692668715463,0.8487169011633813,0.0,0.0
430.0,0.9279999999999999,0.9720587368426292,0.9720587368426292,0.9720587368426292,0.0,0.8388970029091002,0.8523647881435873,0.0,0.0
435.0,0.9279999999999999,0.973447434537927,0.973447434537927,0.973447434537927,0.0,0.8572085237507333,0.8560231128803666,0.0,0.0
440.0,0.9276363636363637,0.9748361322332247,0.9748361322332247,0.9748361322332247,0.0,0.8744268194674928,0.8593550204222903,0.0,0.0
445.0,0.9270363636363637,0.9761996786958002,0.9761996786958002,0.9761996786958002,0.0,0.8881196475835692,0.8624079495234029,0.0,0.0
450.0,0.926727272727273,0.9772901304961317,0.9772901304961317,0.9772901304961317,0.0,0.8981815858244692,0.8650126981795015,0.0,0.0
455.0,0.926418181818182,0.9783805822964633,0.9783805822964633,0.9783805822964633,0.0,0.9075001618734296,0.8676219769452185,0.0,0.0
460.0,0.9258181818181821,0.9794710340967949,0.9794710340967949,0.9794710340967949,0.0,0.9178073130971255,0.8699624283736885,0.0,0.0
465.0,0.9254545454545456,0.9806581103762334,0.9806581103762334,0.9806581103762334,0.0,0.9216574465486516,0.8727863916587678,0.0,0.0
470.0,0.9251272727272728,0.9819918803969231,0.9819918803969231,0.9819918803969231,0.0,0.9171506443140637,0.8760424975063826,0.0,0.0
475.0,0.9247272727272728,0.9833256504176128,0.9833256504176128,0.9833256504176128,0.0,0.9171378044216576,0.8792366249023227,0.0,0.0
480.0,0.924509090909091,0.9846594204383023,0.9846594204383023,0.9846594204383023,0.0,0.9295517792540732,0.8826109410495485,0.0,0.0
485.0,0.9243636363636364,0.9853175537111585,0.9853175537111585,0.9853175537111585,0.0,0.9397866602262254,0.8842427592155069,0.0,0.0
490.0,0.9242545454545454,0.9841079832996844,0.9841079832996844,0.9841079832996844,0.0,0.9381163543430999,0.8808863084592712,0.0,0.0
495.0,0.9228000000000001,0.9828984128882103,0.9828984128882103,0.9828984128882103,0.0,0.9325915320677318,0.876261008877687,0.0,0.0
500.0,0.921818181818182,0.9816888424767363,0.9816888424767363,0.9816888424767363,0.0,0.9227965284321192,0.8721011010554702,0.0,0.0
505.0,0.9222363636363637,0.9804792720652622,0.9804792720652622,0.9804792720652622,0.0,0.9150155536339414,0.8692756069999575,0.0,0.0
510.0,0.9215636363636365,0.9801119401050425,0.9801119401050425,0.9801119401050425,0.0,0.9113747780070178,0.8676655803790518,0.0,0.0
515.0,0.9212545454545455,0.9820151788149574,0.9820151788149574,0.9820151788149574,0.0,0.9062310978009717,0.8724373413121651,0.0,0.0
520.0,0.9209454545454546,0.9839184175248721,0.9839184175248721,0.9839184175248721,0.0,0.8946624898997171,0.8772253607755298,0.0,0.0
525.0,0.9208181818181819,0.9848869943764369,0.9848869943764369,0.9848869943764369,0.0,0.8836165138896684,0.8796969649441104,0.0,0.0
530.0,0.9206181818181819,0.9838927762316628,0.9838927762316628,0.9838927762316628,0.0,0.873414302237744,0.8768450683497268,0.0,0.0
535.0,0.919290909090909,0.9828985580868888,0.9828985580868888,0.9828985580868888,0.0,0.8635881160062875,0.8729292766003606,0.0,0.0
540.0,0.9186181818181818,0.9819043399421147,0.9819043399421147,0.9819043399421147,0.0,0.8521362642394399,0.869646144142642,0.0,0.0
545.0,0.9179272727272729,0.9809101217973406,0.9809101217973406,0.9809101217973406,0.0,0.8396108816187781,0.8663550700558599,0.0,0.0
550.0,0.9176363636363638,0.9799159036525665,0.9799159036525665,0.9799159036525665,0.0,0.8274694986675523,0.8634496816235931,0.0,0.0
555.0,0.9161272727272727,0.9803065801561001,0.9803065801561001,0.9803065801561001,0.0,0.8171829105798151,0.8630611456503726,0.0,0.0
560.0,0.916290909090909,0.9813513136803953,0.9813513136803953,0.9813513136803953,0.0,0.8031544109908331,0.8659780863388352,0.0,0.0
565.0,0.9156181818181818,0.9823960472046904,0.9823960472046904,0.9823960472046904,0.0,0.7928054577114085,0.8681089368549874,0.0,0.0
570.0,0.9149454545454546,0.9834407807289857,0.9834407807289857,0.9834407807289857,0.0,0.7788561986012761,0.8702416082589091,0.0,0.0
575.0,0.9145454545454548,0.9844855142532809,0.9844855142532809,0.9844855142532809,0.0,0.7667596876950913,0.8726363233416969,0.0,0.0
580.0,0.9139636363636365,0.9855302477775761,0.9855302477775761,0.9855302477775761,0.0,0.7518682121796477,0.8748604652819351,0.0,0.0
585.0,0.9132909090909093,0.9857138526659641,0.9857138526659641,0.9857138526659641,0.0,0.7404535478305061,0.8747052123346029,0.0,0.0
590.0,0.9129818181818183,0.9855608215250751,0.9855608215250751,0.9855608215250751,0.0,0.7247613650397445,0.8740019898650643,0.0,0.0
595.0,0.9124545454545455,0.985407790384186,0.985407790384186,0.985407790384186,0.0,0.7135356305360089,0.8730904002441356,0.0,0.0
600.0,0.912,0.9852547592432969,0.9852547592432969,0.9852547592432969,0.0,0.6962764981689646,0.8722489644048671,0.0,0.0
605.0,0.9115454545454545,0.9840455146489345,0.9840455146489345,0.9840455146489345,0.0,0.6820530059883878,0.8686081264855587,0.0,0.0
610.0,0.9112727272727272,0.9824688457128524,0.9824688457128524,0.9824688457128524,0.0,0.6612038976288875,0.8641810443792479,0.0,0.0
615.0,0.9109090909090908,0.9808921767767703,0.9808921767767703,0.9808921767767703,0.0,0.6491362330373716,0.8596840094364194,0.0,0.0
620.0,0.9107636363636362,0.9797968117737905,0.9797968117737905,0.9797968117737905,0.0,0.6358946354258569,0.8566703743392085,0.0,0.0
625.0,0.9104545454545454,0.9809161969004757,0.9809161969004757,0.9809161969004757,0.0,0.6284603377226475,0.8593181513515848,0.0,0.0
630.0,0.9101818181818184,0.9820355820271609,0.9820355820271609,0.9820355820271609,0.0,0.6167013325597119,0.8620050840633132,0.0,0.0
635.0,0.9101818181818184,0.9831549671538461,0.9831549671538461,0.9831549671538461,0.0,0.605950519610136,0.8649561460510734,0.0,0.0
640.0,0.9095272727272729,0.9836873804216607,0.9836873804216607,0.9836873804216607,0.0,0.5819300543668403,0.8657390873222617,0.0,0.0
645.0,0.9078909090909092,0.9840173208732704,0.9840173208732704,0.9840173208732704,0.0,0.5701378778728463,0.8650513665784412,0.0,0.0
650.0,0.9058181818181819,0.9807440908659569,0.9807440908659569,0.9807440908659569,0.0,0.5559791450894578,0.8544922616347674,0.0,0.0
655.0,0.9055454545454545,0.9772692688349293,0.9772692688349293,0.9772692688349293,0.0,0.5477029172984687,0.8451873367271872,0.0,0.0
660.0,0.9054545454545456,0.9766480338084607,0.9766480338084607,0.9766480338084607,0.0,0.530825158698053,0.8434918554525256,0.0,0.0
665.0,0.9032181818181817,0.9760267987819919,0.9760267987819919,0.9760267987819919,0.0,0.5205306735937836,0.83980392128337,0.0,0.0
670.0,0.8998909090909091,0.9754055637555233,0.9754055637555233,0.9754055637555233,0.0,0.503152854281445,0.8351135878198261,0.0,0.0
675.0,0.8992727272727271,0.9748594785304707,0.9748594785304707,0.9748594785304707,0.0,0.48905579159782425,0.8331390266471154,0.0,0.0
680.0,0.8972363636363637,0.9751442940568555,0.9751442940568555,0.9751442940568555,0.0,0.47677902018712076,0.8319812103642381,0.0,0.0
685.0,0.8961636363636363,0.9754291095832404,0.9754291095832404,0.9754291095832404,0.0,0.4642747992537928,0.8317148460263954,0.0,0.0
690.0,0.8937818181818183,0.9757139251096252,0.9757139251096252,0.9757139251096252,0.0,0.4477205094014695,0.8302311524778367,0.0,0.0
695.0,0.8929818181818182,0.9756887408773509,0.9756887408773509,0.9756887408773509,0.0,0.43969808670172844,0.8294238066711314,0.0,0.0
700.0,0.8909090909090908,0.9754911942820265,0.9754911942820265,0.9754911942820265,0.0,0.4277346858981729,0.8269960794736491,0.0,0.0
705.0,0.8884727272727273,0.975293647686702,0.975293647686702,0.975293647686702,0.0,0.4182162709222885,0.8242335491900866,0.0,0.0
710.0,0.886109090909091,0.9750961010913777,0.9750961010913777,0.9750961010913777,0.0,0.3998607275924054,0.8215413965317396,0.0,0.0
715.0,0.8857454545454545,0.9749391129351795,0.9749391129351795,0.9749391129351795,0.0,0.3862834585079851,0.8208076851374578,0.0,0.0
720.0,0.8856727272727273,0.9749287618601948,0.9749287618601948,0.9749287618601948,0.0,0.3683332889240707,0.8207141483194417,0.0,0.0
725.0,0.8843636363636364,0.97491841078521,0.97491841078521,0.97491841078521,0.0,0.35967823603682475,0.8194749687782253,0.0,0.0
730.0,0.8834181818181818,0.9749080597102253,0.9749080597102253,0.9749080597102253,0.0,0.3509763802936501,0.8185728115024568,0.0,0.0
735.0,0.8831818181818182,0.9746614568080343,0.9746614568080343,0.9746614568080343,0.0,0.341431880062667,0.8177329471410936,0.0,0.0
740.0,0.8812363636363637,0.9741882349355004,0.9741882349355004,0.9741882349355004,0.0,0.32388158141368906,0.8147437748676135,0.0,0.0
745.0,0.8803636363636363,0.9737150130629666,0.9737150130629666,0.9737150130629666,0.0,0.31487347975554425,0.8127513397714231,0.0,0.0
750.0,0.8785454545454545,0.9732417911904327,0.9732417911904327,0.9732417911904327,0.0,0.3075088843253973,0.809890834614497,0.0,0.0
755.0,0.8776909090909091,0.9728350908958434,0.9728350908958434,0.9728350908958434,0.0,0.30019887291905845,0.8080891630962784,0.0,0.0
760.0,0.8773090909090908,0.9724725418805957,0.9724725418805957,0.9724725418805957,0.0,0.2857211508688381,0.8068348948530516,0.0,0.0
765.0,0.8755454545454545,0.9721099928653479,0.9721099928653479,0.9721099928653479,0.0,0.27563660283243757,0.8043126889242014,0.0,0.0
770.0,0.8741454545454544,0.9717474438501001,0.9717474438501001,0.9717474438501001,0.0,0.26505653148970093,0.8021284576169672,0.0,0.0
775.0,0.8726363636363637,0.9716013610207643,0.9716013610207643,0.9716013610207643,0.0,0.2592675742848333,0.8003826208641956,0.0,0.0
780.0,0.8722909090909091,0.9715517490502568,0.9715517490502568,0.9715517490502568,0.0,0.2537574261722153,0.7999432169684234,0.0,0.0
785.0,0.8708545454545454,0.9715021370797492,0.9715021370797492,0.9715021370797492,0.0,0.24745182258989493,0.7985036466688816,0.0,0.0
790.0,0.8701818181818182,0.9714525251092416,0.9714525251092416,0.9714525251092416,0.0,0.23890045424734332,0.7977645783298462,0.0,0.0
795.0,0.8702363636363636,0.9714365968704717,0.9714365968704717,0.9714365968704717,0.0,0.23088407498568178,0.7977753414599532,0.0,0.0
800.0,0.8701818181818182,0.9714300375955247,0.9714300375955247,0.9714300375955247,0.0,0.22012424514925788,0.7977091788342588,0.0,0.0
805.0,0.8684181818181819,0.9714234783205778,0.9714234783205778,0.9714234783205778,0.0,0.21417020361345282,0.7960763000260948,0.0,0.0
810.0,0.8681090909090909,0.9714169190456309,0.9714169190456309,0.9714169190456309,0.0,0.21022652237439532,0.7957768373090789,0.0,0.0
815.0,0.868,0.9708862689439086,0.9708862689439086,0.9708862689439086,0.0,0.2076531183145529,0.7943735993439225,0.0,0.0
820.0,0.868,0.9703511301908565,0.9703511301908565,0.9703511301908565,0.0,0.20318558877342996,0.7930607808040984,0.0,0.0
825.0,0.867909090909091,0.9698159914378044,0.9698159914378044,0.9698159914378044,0.0,0.1887123655125789,0.791666486414664,0.0,0.0
830.0,0.8676363636363637,0.9692935333621134,0.9692935333621134,0.9692935333621134,0.0,0.17148673271444442,0.7901393514196728,0.0,0.0
835.0,0.8676363636363637,0.9691763591402242,0.9691763591402242,0.9691763591402242,0.0,0.17097313701819497,0.7898528352029842,0.0,0.0
840.0,0.8676363636363637,0.9690591849183349,0.9690591849183349,0.9690591849183349,0.0,0.1809295564440573,0.7895663882580146,0.0,0.0
845.0,0.8686181818181818,0.9689420106964456,0.9689420106964456,0.9689420106964456,0.0,0.17987707142892378,0.7901731606302682,0.0,0.0
850.0,0.871090909090909,0.9687455835705934,0.9687455835705934,0.9687455835705934,0.0,0.16713603654016387,0.7919407457039227,0.0,0.0
855.0,0.8734363636363636,0.9681850368591242,0.9681850368591242,0.9681850368591242,0.0,0.15230026491884377,0.7926954549375124,0.0,0.0
860.0,0.8749818181818181,0.9676244901476548,0.9676244901476548,0.9676244901476548,0.0,0.13896878806048552,0.7927195767390248,0.0,0.0
865.0,0.8779090909090908,0.9670639434361856,0.9670639434361856,0.9670639434361856,0.0,0.1350141011993655,0.7939901588417196,0.0,0.0
870.0,0.8799636363636364,0.9667046094569868,0.9667046094569868,0.9667046094569868,0.0,0.13830111365536132,0.7949614957429256,0.0,0.0
875.0,0.8822727272727272,0.9675315313446012,0.9675315313446012,0.9675315313446012,0.0,0.1376146138440777,0.7990946749813226,0.0,0.0
880.0,0.8865454545454544,0.9683584532322156,0.9683584532322156,0.9683584532322156,0.0,0.13402081484606282,0.8050251558134107,0.0,0.0
885.0,0.8885090909090908,0.9691853751198299,0.9691853751198299,0.9691853751198299,0.0,0.12406901005822307,0.8088768980515605,0.0,0.0
890.0,0.8906545454545454,0.9698434939930797,0.9698434939930797,0.9698434939930797,0.0,0.10788891135602478,0.8124829554258992,0.0,0.0
895.0,0.893109090909091,0.9687434364422972,0.9687434364422972,0.9687434364422972,0.0,0.09831218589131824,0.8119528847885384,0.0,0.0
900.0,0.8956363636363637,0.9676433788915147,0.9676433788915147,0.9676433788915147,0.0,0.09665950831160151,0.8114797858057957,0.0,0.0
905.0,0.8981636363636363,0.9665433213407323,0.9665433213407323,0.9665433213407323,0.0,0.09671453642191397,0.81099736053823,0.0,0.0
910.0,0.9008363636363638,0.9662381518886008,0.9662381518886008,0.9662381518886008,0.0,0.09642195619231432,0.812640482993864,0.0,0.0
915.0,0.9032181818181818,0.967573858786882,0.967573858786882,0.967573858786882,0.0,0.08863640982804899,0.8181728248393189,0.0,0.0
920.0,0.9049454545454546,0.968909565685163,0.968909565685163,0.968909565685163,0.0,0.07957878287062303,0.8231370188870821,0.0,0.0
925.0,0.9075454545454545,0.970245272583444,0.970245272583444,0.970245272583444,0.0,0.07408619134558095,0.8289207133068085,0.0,0.0
930.0,0.9090545454545454,0.9710749148308184,0.9710749148308184,0.9710749148308184,0.0,0.07061737133979955,0.8324308156816692,0.0,0.0
935.0,0.9118363636363636,0.9711970366043756,0.9711970366043756,0.9711970366043756,0.0,0.06801483013846286,0.8352932144804879,0.0,0.0
940.0,0.9126545454545457,0.9713191583779328,0.9713191583779328,0.9713191583779328,0.0,0.06596592894153405,0.8363581355047803,0.0,0.0
945.0,0.9135636363636366,0.9714412801514899,0.9714412801514899,0.9714412801514899,0.0,0.062127534820207685,0.8375070421327382,0.0,0.0
950.0,0.9150909090909091,0.9715246542791777,0.9715246542791777,0.9715246542791777,0.0,0.05663572941102709,0.8391231819841211,0.0,0.0
955.0,0.9156363636363636,0.9715704499442618,0.9715704499442618,0.9715704499442618,0.0,0.05157497753262729,0.8397420946809924,0.0,0.0
960.0,0.9160727272727271,0.9716162456093458,0.9716162456093458,0.9716162456093458,0.0,0.047592776616351015,0.8402610971991923,0.0,0.0
965.0,0.9167454545454546,0.9716620412744299,0.9716620412744299,0.9716620412744299,0.0,0.04367110662141845,0.8409970576059711,0.0,0.0
970.0,0.917418181818182,0.9716439026827315,0.9716439026827315,0.9716439026827315,0.0,0.03964818490351113,0.8415670672426335,0.0,0.0
975.0,0.917818181818182,0.9715828417959528,0.9715828417959528,0.9715828417959528,0.0,0.03876993626292473,0.841775277028674,0.0,0.0
980.0,0.918109090909091,0.9715217809091741,0.9715217809091741,0.9715217809091741,0.0,0.03876993626292473,0.8418833347615619,0.0,0.0
985.0,0.9187090909090908,0.9714607200223954,0.9714607200223954,0.9714607200223954,0.0,0.03529609731277169,0.842274687136241,0.0,0.0
990.0,0.9200727272727273,0.9716731115703352,0.9716731115703352,0.9716731115703352,0.0,0.03019739820851446,0.844078255547737,0.0,0.0
995.0,0.920109090909091,0.9720089464476175,0.9720089464476175,0.9720089464476175,0.0,0.02509869910425723,0.8449871573919515,0.0,0.0
1000.0,0.9207272727272727,0.9723447813248997,0.9723447813248997,0.9723447813248997,0.0,0.02,0.8464316035751605,0.0,0.0
1005.0,0.9210909090909092,0.9726806162021819,0.9726806162021819,0.9726806162021819,0.0,0.019,0.847643585162323,0.0,0.0
1010.0,0.9213454545454546,0.973040253754296,0.973040253754296,0.973040253754296,0.0,0.018,0.8488186605095258,0.0,0.0
1015.0,0.922018181818182,0.9734066190749674,0.9734066190749674,0.9734066190749674,0.0,0.017,0.8503982748414107,0.0,0.0
1020.0,0.9223272727272729,0.9737729843956386,0.9737729843956386,0.9737729843956386,0.0,0.016,0.8516442442413168,0.0,0.0
1025.0,0.9221818181818183,0.9741393497163099,0.9741393497163099,0.9741393497163099,0.0,0.015,0.8524713961838326,0.0,0.0
1030.0,0.9236363636363636,0.9742400095670459,0.9742400095670459,0.9742400095670459,0.0,0.014,0.8540806954027683,0.0,0.0
1035.0,0.9239818181818182,0.9743010704538244,0.9743010704538244,0.9743010704538244,0.0,0.013,0.8545607947243933,0.0,0.0
1040.0,0.924290909090909,0.9743621313406029,0.9743621313406029,0.9743621313406029,0.0,0.012,0.8550073964552863,0.0,0.0
1045.0,0.9249636363636364,0.9744231922273814,0.9744231922273814,0.9744231922273814,0.0,0.011,0.8557905677918085,0.0,0.0
1050.0,0.9252727272727275,0.97442557627585,0.97442557627585,0.97442557627585,0.0,0.01,0.8560828269609199,0.0,0.0
1055.0,0.9258181818181821,0.97442557627585,0.97442557627585,0.97442557627585,0.0,0.009,0.8565874935910797,0.0,0.0
1060.0,0.9262545454545456,0.97442557627585,0.97442557627585,0.97442557627585,0.0,0.008,0.8569912268952073,0.0,0.0
1065.0,0.926909090909091,0.9744373951353036,0.9744373951353036,0.9744373951353036,0.0,0.007,0.8576280327419754,0.0,0.0
1070.0,0.9272363636363636,0.9746663734607233,0.9746663734607233,0.9746663734607233,0.0,0.006,0.8585357889141435,0.0,0.0
1075.0,0.9276363636363637,0.974895351786143,0.974895351786143,0.974895351786143,0.0,0.005,0.8595116427816842,0.0,0.0
1080.0,0.9277090909090908,0.9751243301115626,0.9751243301115626,0.9751243301115626,0.0,0.004,0.8601848515942528,0.0,0.0
1085.0,0.9283636363636364,0.9753294179764952,0.9753294179764952,0.9753294179764952,0.0,0.003,0.8613349939506463,0.0,0.0
1090.0,0.9288363636363637,0.9753904788632737,0.9753904788632737,0.9753904788632737,0.0,0.002,0.8619354550830748,0.0,0.0
1095.0,0.9291454545454546,0.975451539750052,0.975451539750052,0.975451539750052,0.0,0.0009999999999999998,0.8623842225386582,0.0,0.0
1100.0,0.9298181818181819,0.9755126006368305,0.9755126006368305,0.9755126006368305,0.0,0.0,0.8631706896606265,0.0,0.0
1105.0,0.9298181818181819,0.975573661523609,0.975573661523609,0.975573661523609,0.0,0.0,0.8633327867986177,0.0,0.0
1110.0,0.9304363636363637,0.9756347224103878,0.9756347224103878,0.9756347224103878,0.0,0.0,0.8640689915725556,0.0,0.0
1115.0,0.9307454545454548,0.9756957832971666,0.9756957832971666,0.9756957832971666,0.0,0.0,0.8645183346624,0.0,0.0
1120.0,0.9312727272727273,0.9757568441839453,0.9757568441839453,0.9757568441839453,0.0,0.0,0.8651705010285591,0.0,0.0
1125.0,0.9317272727272727,0.9759018805182212,0.9759018805182212,0.9759018805182212,0.0,0.0,0.8659788246837798,0.0,0.0
1130.0,0.932,0.9762224501738085,0.9762224501738085,0.9762224501738085,0.0,0.0,0.8670862214273239,0.0,0.0
1135.0,0.9323454545454546,0.9765430198293957,0.9765430198293957,0.9765430198293957,0.0,0.0,0.8682624075850232,0.0,0.0
1140.0,0.9326545454545456,0.976863589484983,0.976863589484983,0.976863589484983,0.0,0.0,0.8694058911695971,0.0,0.0
1145.0,0.9330909090909093,0.9770703331114143,0.9770703331114143,0.9770703331114143,0.0,0.0,0.8703650414075667,0.0,0.0
1150.0,0.9336363636363638,0.9771161287764983,0.9771161287764983,0.9771161287764983,0.0,0.0,0.8709962887752517,0.0,0.0
1155.0,0.9339454545454546,0.9771619244415823,0.9771619244415823,0.9771619244415823,0.0,0.0,0.8714071543230689,0.0,0.0
1160.0,0.9345454545454548,0.9772077201066663,0.9772077201066663,0.9772077201066663,0.0,0.0,0.8720895800234566,0.0,0.0
1165.0,0.9345636363636366,0.9772535157717505,0.9772535157717505,0.9772535157717505,0.0,0.0,0.8722291631677107,0.0,0.0
1170.0,0.934909090909091,0.9772993114368346,0.9772993114368346,0.9772993114368346,0.0,0.0,0.8726742494775055,0.0,0.0
1175.0,0.9352727272727271,0.9773451071019186,0.9773451071019186,0.9773451071019186,0.0,0.0,0.8731364118263611,0.0,0.0
1180.0,0.9356363636363636,0.9773909027670027,0.9773909027670027,0.9773909027670027,0.0,0.0,0.8735986811193999,0.0,0.0
1185.0,0.9359999999999999,0.9775912546197008,0.9775912546197008,0.9775912546197008,0.0,0.0,0.8744757529943197,0.0,0.0
1190.0,0.9380727272727275,0.9778965590535933,0.9778965590535933,0.9778965590535933,0.0,0.0,0.8772336120731591,0.0,0.0
1195.0,0.9367272727272729,0.9782018634874858,0.9782018634874858,0.9782018634874858,0.0,0.0,0.8767961261014152,0.0,0.0
1200.0,0.9370909090909092,0.9785071679213784,0.9785071679213784,0.9785071679213784,0.0,0.0,0.877958037057652,0.0,0.0
1205.0,0.9374000000000001,0.9787705704491568,0.9787705704491568,0.9787705704491568,0.0,0.0,0.8789570560050528,0.0,0.0
1210.0,0.937818181818182,0.9790148139962711,0.9790148139962711,0.9790148139962711,0.0,0.0,0.8800076316766126,0.0,0.0
1215.0,0.938018181818182,0.9792590575433855,0.9792590575433855,0.9792590575433855,0.0,0.0,0.8808542377966577,0.0,0.0
1220.0,0.9383272727272729,0.9795033010904999,0.9795033010904999,0.9795033010904999,0.0,0.0,0.881803973208953,0.0,0.0
1225.0,0.9396363636363635,0.979628950511521,0.979628950511521,0.979628950511521,0.0,0.0,0.8833740736874885,0.0,0.0
1230.0,0.9396363636363635,0.9797205418416888,0.9797205418416888,0.9797205418416888,0.0,0.0,0.883621872523995,0.0,0.0
1235.0,0.9396363636363635,0.9798121331718567,0.9798121331718567,0.9798121331718567,0.0,0.0,0.8838697176968722,0.0,0.0
1240.0,0.9396363636363635,0.9799037245020246,0.9799037245020246,0.9799037245020246,0.0,0.0,0.8841176092104516,0.0,0.0
1245.0,0.9402363636363638,0.9800615325756425,0.9800615325756425,0.9800615325756425,0.0,0.0,0.885109646332069,0.0,0.0
1250.0,0.9403636363636365,0.9802294500142835,0.9802294500142835,0.9802294500142835,0.0,0.0,0.8856845434952616,0.0,0.0
1255.0,0.9408545454545455,0.9803973674529245,0.9803973674529245,0.9803973674529245,0.0,0.0,0.8866023879400519,0.0,0.0
1260.0,0.9410909090909092,0.9805652848915655,0.9805652848915655,0.9805652848915655,0.0,0.0,0.8872808728662358,0.0,0.0
1265.0,0.9410909090909092,0.9806893204758942,0.9806893204758942,0.9806893204758942,0.0,0.0,0.8876176224688256,0.0,0.0
1270.0,0.9410909090909092,0.9808114422494514,0.9808114422494514,0.9808114422494514,0.0,0.0,0.8879492594152356,0.0,0.0
1275.0,0.9411818181818183,0.9809335640230085,0.9809335640230085,0.9809335640230085,0.0,0.0,0.8883667866247805,0.0,0.0
1280.0,0.9421818181818183,0.981058669793193,0.981058669793193,0.981058669793193,0.0,0.0,0.8896509756292719,0.0,0.0
1285.0,0.9425454545454547,0.9812418524535287,0.9812418524535287,0.9812418524535287,0.0,0.0,0.8904929682904894,0.0,0.0
1290.0,0.9429090909090909,0.9814250351138645,0.9814250351138645,0.9814250351138645,0.0,0.0,0.8913355319774195,0.0,0.0
1295.0,0.9429636363636363,0.9816082177742002,0.9816082177742002,0.9816082177742002,0.0,0.0,0.8918863184951501,0.0,0.0
1300.0,0.9432727272727272,0.9817424119240716,0.9817424119240716,0.9817424119240716,0.0,0.0,0.8925446220854979,0.0,0.0
1305.0,0.9436363636363636,0.9815744944854307,0.9815744944854307,0.9815744944854307,0.0,0.0,0.8924306212278525,0.0,0.0
1310.0,0.9438909090909091,0.9814065770467897,0.9814065770467897,0.9814065770467897,0.0,0.0,0.8922133058512541,0.0,0.0
1315.0,0.9443636363636364,0.9812386596081487,0.9812386596081487,0.9812386596081487,0.0,0.0,0.8922020308025108,0.0,0.0
1320.0,0.944509090909091,0.9811691305664197,0.9811691305664197,0.9811691305664197,0.0,0.0,0.8921497753089603,0.0,0.0
1325.0,0.9447272727272729,0.9814286393352285,0.9814286393352285,0.9814286393352285,0.0,0.0,0.8930641052229135,0.0,0.0
1330.0,0.9450909090909092,0.9816881481040373,0.9816881481040373,0.9816881481040373,0.0,0.0,0.8941167463511406,0.0,0.0
1335.0,0.9450909090909092,0.9819476568728461,0.9819476568728461,0.9819476568728461,0.0,0.0,0.894826011750293,0.0,0.0
1340.0,0.9454545454545457,0.9822022678342559,0.9822022678342559,0.9822022678342559,0.0,0.0,0.8958668195141087,0.0,0.0
1345.0,0.9460545454545456,0.9824465113813701,0.9824465113813701,0.9824465113813701,0.0,0.0,0.8971042645354033,0.0,0.0
1350.0,0.9461818181818182,0.9826907549284843,0.9826907549284843,0.9826907549284843,0.0,0.0,0.89789428884657,0.0,0.0
1355.0,0.946309090909091,0.9829349984755985,0.9829349984755985,0.9829349984755985,0.0,0.0,0.8986848260743584,0.0,0.0
1360.0,0.9465454545454548,0.9831289880748749,0.9831289880748749,0.9831289880748749,0.0,0.0,0.899441618928256,0.0,0.0
1365.0,0.946909090909091,0.9832511098484321,0.9832511098484321,0.9832511098484321,0.0,0.0,0.9001225087577497,0.0,0.0
1370.0,0.946909090909091,0.9833732316219893,0.9833732316219893,0.9833732316219893,0.0,0.0,0.900457941515987,0.0,0.0
1375.0,0.9472727272727276,0.9834953533955465,0.9834953533955465,0.9834953533955465,0.0,0.0,0.9011393844241105,0.0,0.0
1380.0,0.9474909090909092,0.9835101556552573,0.9835101556552573,0.9835101556552573,0.0,0.0,0.9013876387471103,0.0,0.0
1385.0,0.9484545454545454,0.9834185643250896,0.9834185643250896,0.9834185643250896,0.0,0.0,0.9020523230594096,0.0,0.0
1390.0,0.9483636363636364,0.9833269729949217,0.9833269729949217,0.9833269729949217,0.0,0.0,0.9017138695403216,0.0,0.0
1395.0,0.9483636363636364,0.9832353816647539,0.9832353816647539,0.9832353816647539,0.0,0.0,0.901461924411583,0.0,0.0
1400.0,0.9487272727272728,0.9833157330317681,0.9833157330317681,0.9833157330317681,0.0,0.0,0.9020286859779827,0.0,0.0
1405.0,0.9487272727272728,0.9835141809137984,0.9835141809137984,0.9835141809137984,0.0,0.0,0.9025749250079717,0.0,0.0
1410.0,0.9490909090909091,0.9837126287958287,0.9837126287958287,0.9837126287958287,0.0,0.0,0.9034675406622842,0.0,0.0
1415.0,0.9494545454545457,0.9839110766778589,0.9839110766778589,0.9839110766778589,0.0,0.0,0.9043607959120256,0.0,0.0
1420.0,0.9496000000000001,0.9840469232495581,0.9840469232495581,0.9840469232495581,0.0,0.0,0.9048740409862243,0.0,0.0
1425.0,0.9498181818181819,0.9841537798014206,0.9841537798014206,0.9841537798014206,0.0,0.0,0.9053768240058169,0.0,0.0
1430.0,0.9498545454545455,0.9842606363532832,0.9842606363532832,0.9842606363532832,0.0,0.0,0.9057064390634392,0.0,0.0
1435.0,0.9501818181818185,0.9843674929051457,0.9843674929051457,0.9843674929051457,0.0,0.0,0.9063136190946032,0.0,0.0
1440.0,0.9501818181818185,0.9845334368960212,0.9845334368960212,0.9845334368960212,0.0,0.0,0.9067720535369804,0.0,0.0
1445.0,0.9505454545454546,0.9847166195563569,0.9847166195563569,0.9847166195563569,0.0,0.0,0.907625507863817,0.0,0.0
1450.0,0.9507272727272729,0.9848998022166926,0.9848998022166926,0.9848998022166926,0.0,0.0,0.9083058327354511,0.0,0.0
1455.0,0.9512727272727274,0.9850829848770282,0.9850829848770282,0.9850829848770282,0.0,0.0,0.9093341447731473,0.0,0.0
1460.0,0.9512727272727274,0.9853057718090139,0.9853057718090139,0.9853057718090139,0.0,0.0,0.9099512509099709,0.0,0.0
1465.0,0.951636363636364,0.9855347501344336,0.9855347501344336,0.9855347501344336,0.0,0.0,0.9109338809572157,0.0,0.0
1470.0,0.951636363636364,0.9857637284598532,0.9857637284598532,0.9857637284598532,0.0,0.0,0.9115689653536236,0.0,0.0
1475.0,0.9520000000000001,0.9859927067852728,0.9859927067852728,0.9859927067852728,0.0,0.0,0.9125529135817543,0.0,0.0
1480.0,0.9520000000000001,0.9860174900711961,0.9860174900711961,0.9860174900711961,0.0,0.0,0.9126217273612766,0.0,0.0
1485.0,0.9521636363636364,0.9860327552928908,0.9860327552928908,0.9860327552928908,0.0,0.0,0.912820989849057,0.0,0.0
1490.0,0.9526181818181818,0.9860480205145855,0.9860480205145855,0.9860480205145855,0.0,0.0,0.9132991701323916,0.0,0.0
1495.0,0.9527818181818182,0.9860625816619301,0.9860625816619301,0.9860625816619301,0.0,0.0,0.9134965205612287,0.0,0.0
1500.0,0.9530909090909092,0.9860625816619301,0.9860625816619301,0.9860625816619301,0.0,0.0,0.9137928669698226,0.0,0.0
1505.0,0.9530909090909092,0.9860625816619301,0.9860625816619301,0.9860625816619301,0.0,0.0,0.9137928669698226,0.0,0.0
1510.0,0.9534545454545456,0.9860625816619301,0.9860625816619301,0.9860625816619301,0.0,0.0,0.9141415098034624,0.0,0.0
1515.0,0.9534545454545456,0.9860354375263292,0.9860354375263292,0.9860354375263292,0.0,0.0,0.9140660189618923,0.0,0.0
1520.0,0.953818181818182,0.9858369896442988,0.9858369896442988,0.9858369896442988,0.0,0.0,0.9138626433240687,0.0,0.0
1525.0,0.953818181818182,0.9856385417622684,0.9856385417622684,0.9856385417622684,0.0,0.0,0.9133108758290059,0.0,0.0
1530.0,0.9542181818181819,0.9854400938802381,0.9854400938802381,0.9854400938802381,0.0,0.0,0.9131421117413668,0.0,0.0
1535.0,0.9545454545454548,0.9853388605005312,0.9853388605005312,0.9853388605005312,0.0,0.0,0.9131738099957654,0.0,0.0
1540.0,0.9545454545454548,0.9855678388259508,0.9855678388259508,0.9855678388259508,0.0,0.0,0.9138105826221024,0.0,0.0
1545.0,0.954909090909091,0.9857968171513704,0.9857968171513704,0.9857968171513704,0.0,0.0,0.9147960122116869,0.0,0.0
1550.0,0.954909090909091,0.9860257954767898,0.9860257954767898,0.9860257954767898,0.0,0.0,0.9154336196188778,0.0,0.0
1555.0,0.9550363636363638,0.986196503211102,0.986196503211102,0.986196503211102,0.0,0.0,0.9160312356133099,0.0,0.0
1560.0,0.9552727272727276,0.986242298876186,0.986242298876186,0.986242298876186,0.0,0.0,0.9163855955867244,0.0,0.0
1565.0,0.9552727272727276,0.98628809454127,0.98628809454127,0.98628809454127,0.0,0.0,0.9165132572270558,0.0,0.0
1570.0,0.9556000000000001,0.986333890206354,0.986333890206354,0.986333890206354,0.0,0.0,0.9169549683469677,0.0,0.0
1575.0,0.9557272727272728,0.9864358442394949,0.9864358442394949,0.9864358442394949,0.0,0.0,0.917361509056294,0.0,0.0
1580.0,0.956,0.9866190268998306,0.9866190268998306,0.9866190268998306,0.0,0.0,0.9181345953629163,0.0,0.0
1585.0,0.9578181818181819,0.9868022095601663,0.9868022095601663,0.9868022095601663,0.0,0.0,0.9203932321623561,0.0,0.0
1590.0,0.9563636363636364,0.986985392220502,0.986985392220502,0.986985392220502,0.0,0.0,0.9195074019393518,0.0,0.0
1595.0,0.9567272727272729,0.9870084760310095,0.9870084760310095,0.9870084760310095,0.0,0.0,0.9199215674318676,0.0,0.0
1600.0,0.9567272727272729,0.9868710890357576,0.9868710890357576,0.9868710890357576,0.0,0.0,0.9195374744732129,0.0,0.0
1605.0,0.9567272727272729,0.9867337020405056,0.9867337020405056,0.9867337020405056,0.0,0.0,0.9191534884424688,0.0,0.0
1610.0,0.9570909090909092,0.9865963150452537,0.9865963150452537,0.9865963150452537,0.0,0.0,0.9191188186023342,0.0,0.0
1615.0,0.9570909090909092,0.9866570972483598,0.9866570972483598,0.9866570972483598,0.0,0.0,0.9192887042213813,0.0,0.0
1620.0,0.9572363636363638,0.9868555451303902,0.9868555451303902,0.9868555451303902,0.0,0.0,0.9199833035577341,0.0,0.0
1625.0,0.9578181818181819,0.9870539930124205,0.9870539930124205,0.9870539930124205,0.0,0.0,0.9210979293655606,0.0,0.0
1630.0,0.9577818181818183,0.9872524408944507,0.9872524408944507,0.9872524408944507,0.0,0.0,0.921618612534304,0.0,0.0
1635.0,0.9578000000000001,0.9872638394920081,0.9872638394920081,0.9872638394920081,0.0,0.0,0.9216680312434651,0.0,0.0
1640.0,0.9590545454545456,0.987187513383535,0.987187513383535,0.987187513383535,0.0,0.0,0.9226612223406034,0.0,0.0
1645.0,0.9590363636363638,0.987111187275062,0.987111187275062,0.987111187275062,0.0,0.0,0.9224297396322291,0.0,0.0
1650.0,0.9592727272727274,0.9870348611665889,0.9870348611665889,0.9870348611665889,0.0,0.0,0.9224430707388721,0.0,0.0
1655.0,0.9586727272727273,0.9871351685030539,0.9871351685030539,0.9871351685030539,0.0,0.0,0.9221471889902265,0.0,0.0
1660.0,0.9595636363636366,0.9872878207200005,0.9872878207200005,0.9872878207200005,0.0,0.0,0.9234324252388701,0.0,0.0
1665.0,0.9592727272727274,0.9874404729369471,0.9874404729369471,0.9874404729369471,0.0,0.0,0.9235807434515193,0.0,0.0
1670.0,0.9592727272727274,0.9875931251538936,0.9875931251538936,0.9875931251538936,0.0,0.0,0.9240091493615639,0.0,0.0
1675.0,0.9591818181818182,0.98766989381202,0.98766989381202,0.98766989381202,0.0,0.0,0.9241370567234056,0.0,0.0
1680.0,0.9596363636363638,0.9877345199314969,0.9877345199314969,0.9877345199314969,0.0,0.0,0.9247564996453781,0.0,0.0
1685.0,0.9596363636363638,0.9877991460509737,0.9877991460509737,0.9877991460509737,0.0,0.0,0.924938028183112,0.0,0.0
1690.0,0.9597454545454547,0.9878637721704506,0.9878637721704506,0.9878637721704506,0.0,0.0,0.9252247475362362,0.0,0.0
1695.0,0.96,0.9878668995487145,0.9878668995487145,0.9878668995487145,0.0,0.0,0.9254789269308551,0.0,0.0
1700.0,0.96,0.9878445001142688,0.9878445001142688,0.9878445001142688,0.0,0.0,0.925415973912023,0.0,0.0
1705.0,0.96,0.9878221006798231,0.9878221006798231,0.9878221006798231,0.0,0.0,0.9253530237480535,0.0,0.0
1710.0,0.9603636363636364,0.9877993485519172,0.9877993485519172,0.9877993485519172,0.0,0.0,0.9256395736058517,0.0,0.0
1715.0,0.9603636363636364,0.9877688181085281,0.9877688181085281,0.9877688181085281,0.0,0.0,0.9255537485447246,0.0,0.0
1720.0,0.9603636363636364,0.9877382876651389,0.9877382876651389,0.9877382876651389,0.0,0.0,0.9254679287888793,0.0,0.0
1725.0,0.9607272727272728,0.9877077572217499,0.9877077572217499,0.9877077572217499,0.0,0.0,0.9257325051425216,0.0,0.0
1730.0,0.9607272727272728,0.987677007554901,0.987677007554901,0.987677007554901,0.0,0.0,0.9256460471400014,0.0,0.0
1735.0,0.9607272727272728,0.9876448415520445,0.9876448415520445,0.9876448415520445,0.0,0.0,0.9255556126249465,0.0,0.0
1740.0,0.9610909090909092,0.9876126755491879,0.9876126755491879,0.9876126755491879,0.0,0.0,0.9258154736233256,0.0,0.0
1745.0,0.9607272727272728,0.9875805095463314,0.9875805095463314,0.9875805095463314,0.0,0.0,0.9253747612659085,0.0,0.0
1750.0,0.9605454545454546,0.9875696586783549,0.9875696586783549,0.9875696586783549,0.0,0.0,0.9251691374949649,0.0,0.0
1755.0,0.9615818181818183,0.9876323551246006,0.9876323551246006,0.9876323551246006,0.0,0.0,0.9263437385238725,0.0,0.0
1760.0,0.961818181818182,0.9876950515708462,0.9876950515708462,0.9876950515708462,0.0,0.0,0.9267479122040592,0.0,0.0
1765.0,0.961818181818182,0.9877577480170918,0.9877577480170918,0.9877577480170918,0.0,0.0,0.9269244064234003,0.0,0.0
1770.0,0.961818181818182,0.987807358903484,0.987807358903484,0.987807358903484,0.0,0.0,0.9270640798945864,0.0,0.0
1775.0,0.9621818181818184,0.9878285606002821,0.9878285606002821,0.9878285606002821,0.0,0.0,0.9274742943813842,0.0,0.0
1780.0,0.9615272727272729,0.9878497622970802,0.9878497622970802,0.9878497622970802,0.0,0.0,0.9269030390949277,0.0,0.0
1785.0,0.9610909090909092,0.9878709639938783,0.9878709639938783,0.9878709639938783,0.0,0.0,0.9265420438324741,0.0,0.0
1790.0,0.9610909090909092,0.9878845044052029,0.9878845044052029,0.9878845044052029,0.0,0.0,0.9265801437447143,0.0,0.0
1795.0,0.9622909090909092,0.987886836591851,0.987886836591851,0.987886836591851,0.0,0.0,0.9277436248425431,0.0,0.0
1800.0,0.9629090909090909,0.987889168778499,0.987889168778499,0.987889168778499,0.0,0.0,0.9283461881061688,0.0,0.0
