wavelength_nm,surface_mirror_PM,surface_mirror_SM,surface_mirror_TM,surface_mirror_FSM,surface_EOL,surface_filter_Kepler,surface_detector,subsystem_telescope,subsystem_photometric_instrument,instrument_photometer
350.0,0.9250909090909092,0.8029999999999999,0.8029999999999999,0.8029999999999999,0.0,0.011342385667839931,0.13393188169655432,0.0,0.0015191070554218308,0.0
355.0,0.9254545454545456,0.797,0.797,0.797,0.0,0.009233482641691187,0.17098414264025716,0.0,0.0015787791130732645,0.0
360.0,0.9258909090909093,0.792,0.792,0.792,0.88,0.007124579615542443,0.21715936918184175,0.40477905941299214,0.0015471692149970056,0.0006262616995992254
365.0,0.9261818181818182,0.7929999999999999,0.7929999999999999,0.7929999999999999,0.8802941176470589,0.006051341205794912,0.2714529990324181,0.4065777544301547,0.0016426547184814782,0.0006678668667442974
370.0,0.9265090909090912,0.802,0.802,0.802,0.8805882352941178,0.0060884120855857135,0.33072340979586784,0.42086776998633835,0.0020135804051872783,0.0008474510948193574
375.0,0.9265454545454549,0.833,0.833,0.833,0.8808823529411766,0.0060624650021981205,0.39392136021935,0.4717584020670183,0.0023881344599480884,0.001126622496746292
380.0,0.926909090909091,0.879,0.879,0.879,0.8811764705882354,0.005503172206343497,0.4597019632868291,0.5547108476963591,0.0025298190675616164,0.001403318079485517
385.0,0.9272727272727272,0.915,0.915,0.915,0.8814705882352943,0.005833133101809686,0.5203429408511275,0.6261503024659093,0.003035229632571711,0.0019005099524882676
390.0,0.9272727272727272,0.9359999999999999,0.9359999999999999,0.9359999999999999,0.8817647058823532,0.006307260801785925,0.5738610798165849,0.6704829589876364,0.0036194914943976897,0.0024268073671943453
395.0,0.9272727272727272,0.953,0.953,0.953,0.882058823529412,0.006781388501762165,0.6203373583918507,0.7079192748608183,0.004206748629412011,0.002978038439255092
400.0,0.9272727272727272,0.958,0.958,0.958,0.8823529411764709,0.007255516201738405,0.65904679570464,0.719360109818182,0.0047817247039387955,0.0034397820081457256
405.0,0.9272727272727272,0.97,0.97,0.97,0.8823529411764709,0.007729643901714644,0.6917756814481301,0.7467324545454547,0.005347179677460031,0.003992912605445302
410.0,0.9272727272727272,0.973,0.973,0.973,0.8823529411764709,0.008203771601690885,0.7214743525837485,0.7536823502727276,0.005918810805074872,0.004460903238388445
415.0,0.9272727272727272,0.978,0.978,0.978,0.882353142293318,0.008677899301667125,0.7532934402367396,0.7653612806324327,0.006537004618980828,0.005003170226683295
420.0,0.9274181818181818,0.982,0.982,0.982,0.8823534792145555,0.05134669435831659,0.7862387698807916,0.7749125093789327,0.04037076180972782,0.03128380833951537
425.0,0.9279999999999999,0.986,0.986,0.986,0.8823539202490853,0.17516650806529224,0.8163692668715463,0.7849130335108037,0.14300055376971144,0.11224299845310899
430.0,0.9279999999999999,0.9840000000000001,0.9840000000000001,0.9840000000000001,0.8823544947557795,0.48903721782132065,0.8388970029091002,0.7801468761897108,0.4102518563413107,0.32005670417570353
435.0,0.9279999999999999,0.987,0.987,0.987,0.8823552394894666,0.8090640570099844,0.8572085237507333,0.7873048070694011,0.6935366059293079,0.546024703726741
440.0,0.9276363636363637,0.9890000000000001,0.9890000000000001,0.9890000000000001,0.8823562002056059,0.9277649282593624,0.8744268194674928,0.7917910371269588,0.8112625354313209,0.6423504043114117
445.0,0.9270363636363637,0.992,0.992,0.992,0.882357436926902,0.952617310322672,0.8881196475835692,0.7985026043041372,0.8460381499257791,0.6755636660563887
450.0,0.926727272727273,0.991,0.991,0.991,0.8823590186884159,0.9515517256908957,0.8981815858244692,0.7958262069384064,0.854666237975059,0.6801657903660087
455.0,0.926418181818182,0.988,0.988,0.988,0.8823610307370162,0.9500729928551617,0.9075001618734296,0.788359350459887,0.862191394807633,0.6797166479826495
460.0,0.9258181818181821,0.992,0.992,0.992,0.8823635776581078,0.9484329581561796,0.9178073130971255,0.7974588734596034,0.8704787049780817,0.6941709674423955
465.0,0.9254545454545456,0.991,0.991,0.991,0.8823667859724801,0.9459246090817556,0.9216574465486516,0.7947402494711404,0.8718184598338222,0.6928692202618772
470.0,0.9251272727272728,0.9940000000000001,0.9940000000000001,0.9940000000000001,0.8823708078354533,0.9434162600073317,0.9171506443140637,0.8016997882555541,0.8652548307220885,0.6936746145769936
475.0,0.9247272727272728,0.995,0.995,0.995,0.8823758251435635,0.9436611728050694,0.9171378044216576,0.8037787302305512,0.8654673361444079,0.6956442365021698
480.0,0.924509090909091,0.995,0.995,0.995,0.882382054043622,0.9446880401917613,0.9295517792540732,0.8035947579551074,0.8781364486002952,0.7056658468645117
485.0,0.9243636363636364,0.992,0.992,0.992,0.8823897628237984,0.9445477145290179,0.9397866602262254,0.7962296206149594,0.8876733420615398,0.7067918083796729
490.0,0.9242545454545454,0.9940000000000001,0.9940000000000001,0.9940000000000001,0.8823992538784509,0.9426727586082901,0.9381163543430999,0.8009693184024185,0.8843367316441623,0.7083265891832471
495.0,0.9228000000000001,0.992,0.992,0.992,0.8824108711460862,0.9408779534874152,0.9325915320677318,0.7949017483726843,0.8774548121315807,0.6974903642814188
500.0,0.921818181818182,0.996,0.996,0.996,0.8824250220440988,0.9422607751094909,0.9227965284321192,0.8037131970993658,0.869514972148796,0.6988406581914749
505.0,0.9222363636363637,0.993,0.993,0.993,0.8824421757682069,0.9436435967315665,0.9150155536339414,0.7968493902088902,0.8634485680964581,0.688038464964402
510.0,0.9215636363636365,0.99,0.99,0.99,0.8824628691233775,0.9448389637105323,0.9113747780070178,0.7890914803679676,0.8611024008040672,0.6794885681988924
515.0,0.9212545454545455,0.9940000000000001,0.9940000000000001,0.9940000000000001,0.8824877121712849,0.9459325696011566,0.9062310978009717,0.7984495193960061,0.8572335109953502,0.6844576848643882
520.0,0.9209454545454546,0.995,0.995,0.995,0.8825173935095217,0.9473414739181673,0.8946624898997171,0.8006199810631083,0.8475508818408954,0.6785661709694785
525.0,0.9208181818181819,0.9940000000000001,0.9940000000000001,0.9940000000000001,0.8825527160926131,0.9495960168526552,0.8836165138896684,0.7981301097046499,0.839078722014858,0.6696939924525561
530.0,0.9206181818181819,0.995,0.995,0.995,0.8825945733843829,0.9518505597871431,0.873414302237744,0.8004054606395296,0.8313598925110935,0.6654249977225716
535.0,0.919290909090909,0.992,0.992,0.992,0.8826438740629154,0.9511961226904095,0.8635881160062875,0.7920881082512803,0.8214416675466962,0.6506541764858397
540.0,0.9186181818181818,0.991,0.991,0.991,0.8827016616277711,0.9502624631915219,0.8521362642394399,0.7891688682812361,0.8097531054309917,0.6390319418001922
545.0,0.9179272727272729,0.991,0.991,0.991,0.8827690707555553,0.9505600749872645,0.8396108816187781,0.7886355413214091,0.7981005825916689,0.6294104849811128
550.0,0.9176363636363638,0.991,0.991,0.991,0.8828473251434532,0.9521112608925074,0.8274694986675523,0.7884554949310705,0.7878430277264542,0.6211791643540545
555.0,0.9161272727272727,0.993,0.993,0.993,0.8829377331739462,0.9536496192248224,0.8171829105798151,0.792015415797179,0.7793061715114727,0.6172225014629669
560.0,0.916290909090909,0.992,0.992,0.992,0.8830416811576515,0.9551103109377747,0.8031544109908331,0.7898590485955056,0.7671010592124998,0.6059017128061898
565.0,0.9156181818181818,0.993,0.993,0.993,0.8831606610625449,0.9565710026507268,0.7928054577114085,0.791775154019101,0.7583747115899705,0.6004622540733402
570.0,0.9149454545454546,0.9940000000000001,0.9940000000000001,0.9940000000000001,0.8832963387820251,0.9558531020041274,0.7788561986012761,0.79370805429842,0.7444721134481724,0.5908935126443815
575.0,0.9145454545454548,0.993,0.993,0.993,0.8834501131477411,0.9544671640790459,0.7667596876950913,0.7911067166039746,0.7318469446444686,0.5789690334343364
580.0,0.9139636363636365,0.992,0.992,0.992,0.8836235600773684,0.9536806192195904,0.7518682121796477,0.7883720525643296,0.7170421421630128,0.5652959853921782
585.0,0.9132909090909093,0.9940000000000001,0.9940000000000001,0.9940000000000001,0.8838182569030086,0.9538400084710204,0.7404535478305061,0.7927408835221659,0.706274218335047,0.5598924478518522
590.0,0.9129818181818183,0.992,0.992,0.992,0.8840357586891349,0.9539741068992041,0.7247613650397445,0.7878925201290883,0.6914035759288384,0.5447517058648359
595.0,0.9124545454545455,0.9940000000000001,0.9940000000000001,0.9940000000000001,0.8842775721181271,0.9518302701959238,0.7135356305360089,0.7924265214317923,0.6791648120075082,0.5381882094579868
600.0,0.912,0.99,0.99,0.99,0.8845451273070423,0.9496864334926434,0.6962764981689646,0.7827452062625769,0.661244344270831,0.517585840646234
605.0,0.9115454545454545,0.992,0.992,0.992,0.8848397480232151,0.947876225277578,0.6820530059883878,0.7873683794964009,0.6465018287554983,0.5090350972486765
610.0,0.9112727272727272,0.99,0.99,0.99,0.8851629779587514,0.944033582309369,0.6612038976288875,0.7826673154145813,0.6241986841155159,0.4885399083820051
615.0,0.9109090909090908,0.993,0.993,0.993,0.8855155073967126,0.9348989421797751,0.6491362330373716,0.7898033162606619,0.6068767775972026,0.4793132915078548
620.0,0.9107636363636362,0.9890000000000001,0.9890000000000001,0.9890000000000001,0.8858981383421981,0.9374176088924494,0.6358946354258569,0.7805097745907053,0.5960988286484427,0.4652609623821794
625.0,0.9104545454545454,0.993,0.993,0.993,0.8863114517429496,0.945225303528604,0.6284603377226475,0.7901187621613438,0.5940366134795785,0.4693594737210012
630.0,0.9101818181818184,0.99,0.99,0.99,0.8867557708607544,0.9498569440688156,0.6167013325597119,0.7831370359960653,0.5857780431483344,0.45874448046276184
635.0,0.9101818181818184,0.991,0.991,0.991,0.8872311366065634,0.9475391985343121,0.605950519610136,0.7859336684622132,0.5741618697028382,0.4512531445466749
640.0,0.9095272727272729,0.993,0.993,0.993,0.8877372865841096,0.9461855982549355,0.5819300543668403,0.790583840410345,0.550613836633616,0.4353064015488784
645.0,0.9078909090909092,0.992,0.992,0.992,0.8882736386209186,0.9529868972878133,0.5701378778728463,0.7872550543806187,0.543333927260302,0.42774238045214424
650.0,0.9058181818181819,0.99,0.99,0.99,0.8888395500614182,0.959788196320691,0.5559791450894578,0.7812139473903073,0.5336222208573305,0.4168731215711375
655.0,0.9055454545454545,0.991,0.991,0.991,0.8894335480441865,0.961638249140204,0.5477029172984687,0.7838712293908395,0.5266920744398813,0.4128587639016013
660.0,0.9054545454545456,0.988,0.988,0.988,0.8900539508007586,0.9629432025029264,0.530825158698053,0.7772376308818078,0.5111544782858273,0.39728849571750285
665.0,0.9032181818181817,0.99,0.99,0.99,0.8906988333303932,0.9652983659060773,0.5205306735937836,0.7806010634834616,0.502467408624069,0.3922265935377273
670.0,0.8998909090909091,0.9890000000000001,0.9890000000000001,0.9890000000000001,0.891365957094393,0.9686062280761062,0.503152854281445,0.7759518677763412,0.4873569883312771,0.37816556536950696
675.0,0.8992727272727271,0.988,0.988,0.988,0.8920527909882849,0.9708749661079071,0.48905579159782425,0.7736647550181798,0.4748120250924133,0.36734532907280776
680.0,0.8972363636363637,0.99,0.99,0.99,0.8927565386689638,0.9671890503241235,0.47677902018712076,0.77722272453237,0.4611354477492474,0.3584049490781244
685.0,0.8961636363636363,0.9890000000000001,0.9890000000000001,0.9890000000000001,0.8934741717832742,0.9635031345403399,0.4642747992537928,0.7745655817398093,0.4473302243691164,0.34648659546826405
690.0,0.8937818181818183,0.992,0.992,0.992,0.8942025202294029,0.9620195943533446,0.4477205094014695,0.7801936688625135,0.43071590283807454,0.3360418204726673
695.0,0.8929818181818182,0.991,0.991,0.991,0.894938134141059,0.961192781446838,0.43969808670172844,0.7777796823025102,0.42263462695368725,0.3287166258820788
700.0,0.8909090909090908,0.992,0.992,0.992,0.8956774770072449,0.96140431595002,0.4277346858981729,0.7789687949698475,0.41122597310402953,0.3203322007291488
705.0,0.8884727272727273,0.992,0.992,0.992,0.8964170172013248,0.9632192389841119,0.4182162709222885,0.7774799714169193,0.4028339582085399,0.31319533431374
710.0,0.886109090909091,0.991,0.991,0.991,0.8971532204724332,0.9650193240929791,0.3998607275924054,0.7737038822743655,0.38587332907254984,0.2985516927695656
715.0,0.8857454545454545,0.99,0.99,0.99,0.8978826002706989,0.9625242512597035,0.3862834585079851,0.7716743622822078,0.37180719667440715,0.28691408138565855
720.0,0.8856727272727273,0.99,0.99,0.99,0.8986017669435199,0.9607923423666096,0.3683332889240707,0.7722290295873508,0.35389180343695503,0.2732855239470373
725.0,0.8843636363636364,0.9890000000000001,0.9890000000000001,0.9890000000000001,0.8993074746530416,0.9638624381241406,0.35967823603682475,0.7693570798715947,0.34668034152664406,0.26672097520582605
730.0,0.8834181818181818,0.9890000000000001,0.9890000000000001,0.9890000000000001,0.8999965778730912,0.9669325338816716,0.3509763802936501,0.7691234736117869,0.33937048072995624,0.26101780298032595
735.0,0.8831818181818182,0.988,0.988,0.988,0.9006661340886747,0.9697075536489365,0.341431880062667,0.7671579442426723,0.3310890731533259,0.2539976127215172
740.0,0.8812363636363637,0.988,0.988,0.988,0.9013137156542345,0.9716577564467738,0.32388158141368906,0.7660184384353877,0.3147020507508582,0.24106757348858657
745.0,0.8803636363636363,0.988,0.988,0.988,0.9019370513810259,0.9736079592446111,0.31487347975554425,0.7657890593484618,0.30656332604504477,0.23476284108277062
750.0,0.8785454545454545,0.987,0.987,0.987,0.9025341817498999,0.9728250452121746,0.3075088843253973,0.762393795166573,0.299152344297,0.22807189110156714
755.0,0.8776909090909091,0.987,0.987,0.987,0.9031034739381397,0.9716947590929138,0.30019887291905845,0.7621326563230734,0.29170167150104875,0.22231536975497485
760.0,0.8773090909090908,0.987,0.987,0.987,0.9036436301593087,0.9691594783793472,0.2857211508688381,0.7622567506683693,0.2769093615379899,0.2110760301556009
765.0,0.8755454545454545,0.986,0.986,0.986,0.9041536894178127,0.9652736400616734,0.27563660283243757,0.7588425963887697,0.26606474695030075,0.2019012633832872
770.0,0.8741454545454544,0.986,0.986,0.986,0.9046329631175182,0.961833586057288,0.26505653148970093,0.7580308086496719,0.2549402741906455,0.1932525822021041
775.0,0.8726363636363637,0.986,0.986,0.986,0.9050808750306713,0.9613369569343878,0.2592675742848333,0.7570968502564287,0.249243500894742,0.18870146947429453
780.0,0.8722909090909091,0.986,0.986,0.986,0.9054977606190077,0.9608403278114876,0.2537574261722153,0.757145720089364,0.24382036854791073,0.18460754851666197
785.0,0.8708545454545454,0.986,0.986,0.986,0.905883913989043,0.965014768591495,0.24745182258989493,0.7562213173714174,0.23879466331413113,0.18058161487267632
790.0,0.8701818181818182,0.985,0.985,0.985,0.9062398896505203,0.9707098994978131,0.23890045424734332,0.7536364076077254,0.23190303593242054,0.17477057091343468
795.0,0.8702363636363636,0.985,0.985,0.985,0.9065664752208934,0.9758311288810536,0.23088407498568178,0.7539552558874049,0.2253038675339357,0.16986903509897044
800.0,0.8701818181818182,0.985,0.985,0.985,0.9068646620091337,0.9800139747023963,0.22012424514925788,0.7541559733444528,0.2157248364170889,0.16269017398270255
805.0,0.8684181818181819,0.985,0.985,0.985,0.9071356143144476,0.9841859055729414,0.21417020361345282,0.752852361189416,0.21078329579004731,0.1586887019348242
810.0,0.8681090909090909,0.985,0.985,0.985,0.9073806382419304,0.9856688462196982,0.21022652237439532,0.7527876814554365,0.2072137337535498,0.15598794619805886
815.0,0.868,0.985,0.985,0.985,0.9076009113548026,0.987151786866455,0.2076531183145529,0.7528758040155429,0.2049851467926023,0.15432835720272453
820.0,0.868,0.985,0.985,0.985,0.90779822225902,0.9839649020823138,0.20318558877342996,0.7530394779429214,0.19992748796198528,0.1505532911613331
825.0,0.867909090909091,0.985,0.985,0.985,0.9079741281922511,0.9780073589504322,0.1887123655125789,0.7531065118542251,0.1845620821962459,0.13899490594336752
830.0,0.8676363636363637,0.985,0.985,0.985,0.9081302109042556,0.9720381443683875,0.17148673271444442,0.7529992795048654,0.16669164545154622,0.12551868892449478
835.0,0.8676363636363637,0.985,0.985,0.985,0.9082680544897223,0.9660527102591785,0.17097313701819497,0.7531135760223631,0.16516906239794113,0.12439106323077427
840.0,0.8676363636363637,0.9840000000000001,0.9840000000000001,0.9840000000000001,0.908389224427316,0.9627092831104787,0.1809295564440573,0.7509223224244103,0.1741825635777553,0.1307975751676455
845.0,0.8686181818181818,0.9840000000000001,0.9840000000000001,0.9840000000000001,0.9084952495111577,0.9693468788855315,0.17987707142892378,0.7518598119721813,0.17436327777269708,0.13109674124103327
850.0,0.871090909090909,0.983,0.983,0.983,0.9085876067535225,0.9759844746605844,0.16713603654016387,0.7517801311833043,0.16312217681950406,0.12263201148827292
855.0,0.8734363636363636,0.982,0.982,0.982,0.9086676074773428,0.9741437984472298,0.15230026491884377,0.7515723230774105,0.14836235857256183,0.11150504248962406
860.0,0.8749818181818181,0.983,0.983,0.983,0.90873668486517,0.9706244940048074,0.13896878806048552,0.7552620144348001,0.13488650959367007,0.10187465695579426
865.0,0.8779090909090908,0.983,0.983,0.983,0.9087961354855555,0.9638054144837621,0.1350141011993655,0.7578383371079425,0.13012732176760705,0.0986154731406735
870.0,0.8799636363636364,0.982,0.982,0.982,0.9088471329109453,0.9530579215087754,0.13830111365536132,0.7573384920681634,0.13180897192272759,0.0998240080370134
875.0,0.8822727272727272,0.981,0.981,0.981,0.9088907653878302,0.9136987750718838,0.1376146138440777,0.7570447771179377,0.12573830410132408,0.09518952640357436
880.0,0.8865454545454544,0.981,0.981,0.981,0.90892803628379,0.8006123217607137,0.13402081484606282,0.7607422368841444,0.10729871573816908,0.0816266650254507
885.0,0.8885090909090908,0.981,0.981,0.981,0.9089598662723902,0.606848727835806,0.12406901005822307,0.7624539275313087,0.07529112091768049,0.05740601085192016
890.0,0.8906545454545454,0.982,0.982,0.982,0.9089870969704927,0.3809173626890728,0.10788891135602478,0.7666576445565142,0.041096759577132116,0.03150714489630947
895.0,0.893109090909091,0.981,0.981,0.981,0.9090104746138151,0.18303939070764522,0.09831218589131824,0.7664439842967037,0.017995002604683643,0.013792161493763291
900.0,0.8956363636363637,0.982,0.982,0.982,0.9090307128763639,0.07459910856284903,0.09665950831160151,0.7709828864286268,0.0072107131541687694,0.005559336440809906
905.0,0.8981636363636363,0.981,0.981,0.981,0.9090484683933568,0.032848457109543074,0.09671453642191397,0.7708138856028064,0.0031769233015245825,0.00244881659431026
910.0,0.9008363636363638,0.981,0.981,0.981,0.9090643206521456,0.016015202587731817,0.09642195619231432,0.7731211311503133,0.0015442171623253162,0.0011938669192786756
915.0,0.9032181818181818,0.981,0.981,0.981,0.9090788009106376,0.0,0.08863640982804899,0.7751776167021682,0.0,0.0
920.0,0.9049454545454546,0.981,0.981,0.981,0.9090923990895251,0.0,0.07957878287062303,0.7766716480004384,0.0,0.0
925.0,0.9075454545454545,0.982,0.982,0.982,0.9091055704621656,0.0,0.07408619134558095,0.781298819633441,0.0,0.0
930.0,0.9090545454545454,0.981,0.981,0.981,0.9091187419903718,0.0,0.07061737133979955,0.7802208932331808,0.0,0.0
935.0,0.9118363636363636,0.982,0.982,0.982,0.9091323214851535,0.0,0.06801483013846286,0.7850159288043624,0.0,0.0
940.0,0.9126545454545457,0.98,0.98,0.98,0.9091467055779932,0.0,0.06596592894153405,0.7809417072839445,0.0,0.0
945.0,0.9135636363636366,0.981,0.981,0.981,0.9091622650740417,0.0,0.062127534820207685,0.7841284811777,0.0,0.0
950.0,0.9150909090909091,0.981,0.981,0.981,0.9091793655863648,0.0,0.05663572941102709,0.7854541408630952,0.0,0.0
955.0,0.9156363636363636,0.982,0.982,0.982,0.9091983669545027,0.0,0.05157497753262729,0.7883446819818289,0.0,0.0
960.0,0.9160727272727271,0.982,0.982,0.982,0.9092196253021687,0.0,0.047592776616351015,0.7887388237877374,0.0,0.0
965.0,0.9167454545454546,0.982,0.982,0.982,0.9092434941982519,0.0,0.04367110662141845,0.7893387633520267,0.0,0.0
970.0,0.917418181818182,0.982,0.982,0.982,0.909270324910367,0.0,0.03964818490351113,0.7899413064467589,0.0,0.0
975.0,0.917818181818182,0.982,0.982,0.982,0.9093004716284158,0.0,0.03876993626292473,0.790311927542789,0.0,0.0
980.0,0.918109090909091,0.981,0.981,0.981,0.9093343168431292,0.0,0.03876993626292473,0.7881790568952328,0.0,0.0
985.0,0.9187090909090908,0.98,0.98,0.98,0.9093721609265084,0.0,0.03529609731277169,0.7863174175648036,0.0,0.0
990.0,0.9200727272727273,0.98,0.98,0.98,0.9094143026705349,0.0,0.03019739820851446,0.7875210387570034,0.0,0.0
995.0,0.920109090909091,0.982,0.982,0.982,0.9094609098065004,0.0,0.02509869910425723,0.7924243679120392,0.0,0.0
1000.0,0.9207272727272727,0.983,0.983,0.983,0.9095124981390884,0.0,0.02,0.7954268236930052,0.0,0.0
1005.0,0.9210909090909092,0.981,0.981,0.981,0.909569326513961,0.0,0.019,0.7909432503490302,0.0,0.0
1010.0,0.9213454545454546,0.9840000000000001,0.9840000000000001,0.9840000000000001,0.9096316275453386,0.0,0.018,0.7984971034702677,0.0,0.0
1015.0,0.922018181818182,0.9840000000000001,0.9840000000000001,0.9840000000000001,0.9096996015566439,0.0,0.017,0.7991398449344073,0.0,0.0
1020.0,0.9223272727272729,0.983,0.983,0.983,0.9097734794186889,0.0,0.016,0.7970377234436166,0.0,0.0
1025.0,0.9221818181818183,0.982,0.982,0.982,0.9098533176246334,0.0,0.015,0.7945521400834566,0.0,0.0
1030.0,0.9236363636363636,0.982,0.982,0.982,0.9099391771292665,0.0,0.014,0.7958804741182195,0.0,0.0
1035.0,0.9239818181818182,0.983,0.983,0.983,0.9100310699660642,0.0,0.013,0.7986935900534252,0.0,0.0
1040.0,0.924290909090909,0.983,0.983,0.983,0.9101289494956278,0.0,0.012,0.7990467026996365,0.0,0.0
1045.0,0.9249636363636364,0.983,0.983,0.983,0.9102327071431892,0.0,0.011,0.7997194336102109,0.0,0.0
1050.0,0.9252727272727275,0.9840000000000001,0.9840000000000001,0.9840000000000001,0.9103421701359716,0.0,0.01,0.8025271205840768,0.0,0.0
1055.0,0.9258181818181821,0.9840000000000001,0.9840000000000001,0.9840000000000001,0.9104571003575627,0.0,0.009,0.803101594118398,0.0,0.0
1060.0,0.9262545454545456,0.983,0.983,0.983,0.9105772376288807,0.0,0.008,0.8011386706220863,0.0,0.0
1065.0,0.926909090909091,0.9840000000000001,0.9840000000000001,0.9840000000000001,0.9107021795023661,0.0,0.007,0.8042643395789941,0.0,0.0
1070.0,0.9272363636363636,0.983,0.983,0.983,0.9108314770589763,0.0,0.006,0.8022117880791948,0.0,0.0
1075.0,0.9276363636363637,0.983,0.983,0.983,0.9109646424434222,0.0,0.005,0.8026751893583546,0.0,0.0
1080.0,0.9277090909090908,0.983,0.983,0.983,0.9111011358612684,0.0,0.004,0.8028583970086008,0.0,0.0
1085.0,0.9283636363636364,0.982,0.982,0.982,0.9112403719613594,0.0,0.003,0.8010977961729109,0.0,0.0
1090.0,0.9288363636363637,0.9840000000000001,0.9840000000000001,0.9840000000000001,0.9113817272502522,0.0,0.002,0.8065379773749813,0.0,0.0
1095.0,0.9291454545454546,0.983,0.983,0.983,0.9115245483847274,0.0,0.0009999999999999998,0.8044751424131023,0.0,0.0
1100.0,0.9298181818181819,0.9840000000000001,0.9840000000000001,0.9840000000000001,0.9116681618709901,0.0,0.0,0.8076442727687287,0.0,0.0
1105.0,0.9298181818181819,0.9840000000000001,0.9840000000000001,0.9840000000000001,0.9118118695245007,0.0,0.0,0.8077715829767245,0.0,0.0
1110.0,0.9304363636363637,0.9840000000000001,0.9840000000000001,0.9840000000000001,0.9119549796389688,0.0,0.0,0.8084354882764985,0.0,0.0
1115.0,0.9307454545454548,0.9840000000000001,0.9840000000000001,0.9840000000000001,0.9120968138153844,0.0,0.0,0.8088298263078728,0.0,0.0
1120.0,0.9312727272727273,0.9840000000000001,0.9840000000000001,0.9840000000000001,0.9122367118305496,0.0,0.0,0.8094121622569374,0.0,0.0
1125.0,0.9317272727272727,0.9840000000000001,0.9840000000000001,0.9840000000000001,0.9123740407889332,0.0,0.0,0.809929137845706,0.0,0.0
1130.0,0.932,0.9840000000000001,0.9840000000000001,0.9840000000000001,0.9125082036358889,0.0,0.0,0.8102853467882422,0.0,0.0
1135.0,0.9323454545454546,0.9840000000000001,0.9840000000000001,0.9840000000000001,0.9126386468429831,0.0,0.0,0.8107015600208594,0.0,0.0
1140.0,0.9326545454545456,0.9840000000000001,0.9840000000000001,0.9840000000000001,0.9127648490861274,0.0,0.0,0.8110824668404246,0.0,0.0
1145.0,0.9330909090909093,0.9840000000000001,0.9840000000000001,0.9840000000000001,0.9128863342025231,0.0,0.0,0.8115699523471612,0.0,0.0
1150.0,0.9336363636363638,0.9840000000000001,0.9840000000000001,0.9840000000000001,0.9130027538213427,0.0,0.0,0.8121479290291821,0.0,0.0
1155.0,0.9339454545454546,0.9840000000000001,0.9840000000000001,0.9840000000000001,0.9131137860824956,0.0,0.0,0.8125155995972224,0.0,0.0
1160.0,0.9345454545454548,0.9840000000000001,0.9840000000000001,0.9840000000000001,0.9132191741504682,0.0,0.0,0.8131314263702286,0.0,0.0
1165.0,0.9345636363636366,0.9840000000000001,0.9840000000000001,0.9840000000000001,0.913318726639618,0.0,0.0,0.813235889425717,0.0,0.0
1170.0,0.934909090909091,0.9840000000000001,0.9840000000000001,0.9840000000000001,0.9134123168097054,0.0,0.0,0.8136198612883442,0.0,0.0
1175.0,0.9352727272727271,0.9840000000000001,0.9840000000000001,0.9840000000000001,0.9134998806149761,0.0,0.0,0.8140143493453968,0.0,0.0
1180.0,0.9356363636363636,0.9840000000000001,0.9840000000000001,0.9840000000000001,0.9135814060324692,0.0,0.0,0.8144035152133428,0.0,0.0
1185.0,0.9359999999999999,0.9840000000000001,0.9840000000000001,0.9840000000000001,0.9136568863536366,0.0,0.0,0.8147873466334138,0.0,0.0
1190.0,0.9380727272727275,0.9840000000000001,0.9840000000000001,0.9840000000000001,0.9137264937072935,0.0,0.0,0.8166538666735293,0.0,0.0
1195.0,0.9367272727272729,0.9840000000000001,0.9840000000000001,0.9840000000000001,0.9137903780764647,0.0,0.0,0.8155395757187304,0.0,0.0
1200.0,0.9370909090909092,0.9840000000000001,0.9840000000000001,0.9840000000000001,0.9138487294250442,0.0,0.0,0.8159082647930078,0.0,0.0
1205.0,0.9374000000000001,0.9840000000000001,0.9840000000000001,0.9840000000000001,0.9139017717445552,0.0,0.0,0.8162247579128765,0.0,0.0
1210.0,0.937818181818182,0.9840000000000001,0.9840000000000001,0.9840000000000001,0.913949756997228,0.0,0.0,0.8166317582129864,0.0,0.0
1215.0,0.938018181818182,0.9840000000000001,0.9840000000000001,0.9840000000000001,0.9139929591011386,0.0,0.0,0.8168445240271445,0.0,0.0
1220.0,0.9383272727272729,0.9840000000000001,0.9840000000000001,0.9840000000000001,0.9140316680888683,0.0,0.0,0.8171482924216665,0.0,0.0
1225.0,0.9396363636363635,0.9840000000000001,0.9840000000000001,0.9840000000000001,0.9140661408000436,0.0,0.0,0.8183191843426468,0.0,0.0
1230.0,0.9396363636363635,0.9840000000000001,0.9840000000000001,0.9840000000000001,0.9140967290043,0.0,0.0,0.8183465684817592,0.0,0.0
1235.0,0.9396363636363635,0.9840000000000001,0.9840000000000001,0.9840000000000001,0.9141237446315736,0.0,0.0,0.8183707542655755,0.0,0.0
1240.0,0.9396363636363635,0.9840000000000001,0.9840000000000001,0.9840000000000001,0.9141474905472129,0.0,0.0,0.8183920128347861,0.0,0.0
1245.0,0.9402363636363638,0.9840000000000001,0.9840000000000001,0.9840000000000001,0.9141682623132965,0.0,0.0,0.8189332007053273,0.0,0.0
1250.0,0.9403636363636365,0.9840000000000001,0.9840000000000001,0.9840000000000001,0.9141863451355458,0.0,0.0,0.8190602547411352,0.0,0.0
1255.0,0.9408545454545455,0.9840000000000001,0.9840000000000001,0.9840000000000001,0.914202011374022,0.0,0.0,0.8195018818088814,0.0,0.0
1260.0,0.9410909090909092,0.9840000000000001,0.9840000000000001,0.9840000000000001,0.9142155186013389,0.0,0.0,0.8197198700366514,0.0,0.0
1265.0,0.9410909090909092,0.9840000000000001,0.9840000000000001,0.9840000000000001,0.9142270934835021,0.0,0.0,0.8197302485094616,0.0,0.0
1270.0,0.9410909090909092,0.9840000000000001,0.9840000000000001,0.9840000000000001,0.9142369726225786,0.0,0.0,0.8197391065155172,0.0,0.0
1275.0,0.9411818181818183,0.9840000000000001,0.9840000000000001,0.9840000000000001,0.9142453693086943,0.0,0.0,0.819825822570303,0.0,0.0
1280.0,0.9421818181818183,0.9840000000000001,0.9840000000000001,0.9840000000000001,0.9142524716903472,0.0,0.0,0.8207032582010083,0.0,0.0
1285.0,0.9425454545454547,0.9840000000000001,0.9840000000000001,0.9840000000000001,0.9142584503591581,0.0,0.0,0.8210253787317963,0.0,0.0
1290.0,0.9429090909090909,0.9840000000000001,0.9840000000000001,0.9840000000000001,0.9142634588432529,0.0,0.0,0.8213466318207211,0.0,0.0
1295.0,0.9429636363636363,0.9840000000000001,0.9840000000000001,0.9840000000000001,0.9142676343201332,0.0,0.0,0.8213978964628591,0.0,0.0
1300.0,0.9432727272727272,0.9840000000000001,0.9840000000000001,0.9840000000000001,0.9142710984986665,0.0,0.0,0.8216702530564259,0.0,0.0
1305.0,0.9436363636363636,0.9840000000000001,0.9840000000000001,0.9840000000000001,0.9142739555131447,0.0,0.0,0.8219895796918864,0.0,0.0
1310.0,0.9438909090909091,0.9840000000000001,0.9840000000000001,0.9840000000000001,0.9142763005323117,0.0,0.0,0.822213419872961,0.0,0.0
1315.0,0.9443636363636364,0.9840000000000001,0.9840000000000001,0.9840000000000001,0.9142782186273763,0.0,0.0,0.8226269334332204,0.0,0.0
1320.0,0.944509090909091,0.9840000000000001,0.9840000000000001,0.9840000000000001,0.9142797799553734,0.0,0.0,0.8227550426500783,0.0,0.0
1325.0,0.9447272727272729,0.9840000000000001,0.9840000000000001,0.9840000000000001,0.9142810447349184,0.0,0.0,0.8229462376856416,0.0,0.0
1330.0,0.9450909090909092,0.9840000000000001,0.9840000000000001,0.9840000000000001,0.9142820643313325,0.0,0.0,0.8232639172260836,0.0,0.0
1335.0,0.9450909090909092,0.9840000000000001,0.9840000000000001,0.9840000000000001,0.9142828822881549,0.0,0.0,0.8232646537540809,0.0,0.0
1340.0,0.9454545454545457,0.9840000000000001,0.9840000000000001,0.9840000000000001,0.9142835352933047,0.0,0.0,0.8235820040608456,0.0,0.0
1345.0,0.9460545454545456,0.9840000000000001,0.9840000000000001,0.9840000000000001,0.9142840536895924,0.0,0.0,0.8241051291362256,0.0,0.0
1350.0,0.9461818181818182,0.9840000000000001,0.9840000000000001,0.9840000000000001,0.9142844627913895,0.0,0.0,0.8242163648076387,0.0,0.0
1355.0,0.946309090909091,0.9840000000000001,0.9840000000000001,0.9840000000000001,0.9142847848227449,0.0,0.0,0.8243275220747615,0.0,0.0
1360.0,0.9465454545454548,0.9840000000000001,0.9840000000000001,0.9840000000000001,0.9142850370876588,0.0,0.0,0.8245336453583322,0.0,0.0
1365.0,0.946909090909091,0.9840000000000001,0.9840000000000001,0.9840000000000001,0.9142852337417692,0.0,0.0,0.8248505856054603,0.0,0.0
1370.0,0.946909090909091,0.9840000000000001,0.9840000000000001,0.9840000000000001,0.9142853862987009,0.0,0.0,0.8248507232393953,0.0,0.0
1375.0,0.9472727272727276,0.9840000000000001,0.9840000000000001,0.9840000000000001,0.9142855040697451,0.0,0.0,0.8251675924815263,0.0,0.0
1380.0,0.9474909090909092,0.9840000000000001,0.9840000000000001,0.9840000000000001,0.9142855945424002,0.0,0.0,0.8253577319491843,0.0,0.0
1385.0,0.9484545454545454,0.9840000000000001,0.9840000000000001,0.9840000000000001,0.9142856636877714,0.0,0.0,0.8261972164427811,0.0,0.0
1390.0,0.9483636363636364,0.9840000000000001,0.9840000000000001,0.9840000000000001,0.9142857142857144,0.0,0.0,0.8261180713997301,0.0,0.0
1395.0,0.9483636363636364,0.9840000000000001,0.9840000000000001,0.9840000000000001,0.9142857142857144,0.0,0.0,0.8261180713997301,0.0,0.0
1400.0,0.9487272727272728,0.9840000000000001,0.9840000000000001,0.9840000000000001,0.9142857142857144,0.0,0.0,0.8264348344639173,0.0,0.0
1405.0,0.9487272727272728,0.9840000000000001,0.9840000000000001,0.9840000000000001,0.9142857142857144,0.0,0.0,0.8264348344639173,0.0,0.0
1410.0,0.9490909090909091,0.9840000000000001,0.9840000000000001,0.9840000000000001,0.9142857142857144,0.0,0.0,0.8267515975281041,0.0,0.0
1415.0,0.9494545454545457,0.9840000000000001,0.9840000000000001,0.9840000000000001,0.9142857142857144,0.0,0.0,0.8270683605922914,0.0,0.0
1420.0,0.9496000000000001,0.9840000000000001,0.9840000000000001,0.9840000000000001,0.9142857142857144,0.0,0.0,0.8271950658179661,0.0,0.0
1425.0,0.9498181818181819,0.9840000000000001,0.9840000000000001,0.9840000000000001,0.9142857142857144,0.0,0.0,0.8273851236564783,0.0,0.0
1430.0,0.9498545454545455,0.9840000000000001,0.9840000000000001,0.9840000000000001,0.9142857142857144,0.0,0.0,0.827416799962897,0.0,0.0
1435.0,0.9501818181818185,0.9840000000000001,0.9840000000000001,0.9840000000000001,0.9142857142857144,0.0,0.0,0.8277018867206655,0.0,0.0
1440.0,0.9501818181818185,0.9840000000000001,0.9840000000000001,0.9840000000000001,0.9142857142857144,0.0,0.0,0.8277018867206655,0.0,0.0
1445.0,0.9505454545454546,0.9840000000000001,0.9840000000000001,0.9840000000000001,0.9142857142857144,0.0,0.0,0.8280186497848523,0.0,0.0
1450.0,0.9507272727272729,0.9840000000000001,0.9840000000000001,0.9840000000000001,0.9142857142857144,0.0,0.0,0.8281770313169459,0.0,0.0
1455.0,0.9512727272727274,0.9840000000000001,0.9840000000000001,0.9840000000000001,0.9142857142857144,0.0,0.0,0.8286521759132264,0.0,0.0
1460.0,0.9512727272727274,0.9840000000000001,0.9840000000000001,0.9840000000000001,0.9142857142857144,0.0,0.0,0.8286521759132264,0.0,0.0
1465.0,0.951636363636364,0.9840000000000001,0.9840000000000001,0.9840000000000001,0.9142857142857144,0.0,0.0,0.8289689389774136,0.0,0.0
1470.0,0.951636363636364,0.9840000000000001,0.9840000000000001,0.9840000000000001,0.9142857142857144,0.0,0.0,0.8289689389774136,0.0,0.0
1475.0,0.9520000000000001,0.9840000000000001,0.9840000000000001,0.9840000000000001,0.9142857142857144,0.0,0.0,0.8292857020416003,0.0,0.0
1480.0,0.9520000000000001,0.9840000000000001,0.9840000000000001,0.9840000000000001,0.9142857142857144,0.0,0.0,0.8292857020416003,0.0,0.0
1485.0,0.9521636363636364,0.9840000000000001,0.9840000000000001,0.9840000000000001,0.9142857142857144,0.0,0.0,0.8294282454204845,0.0,0.0
1490.0,0.9526181818181818,0.9840000000000001,0.9840000000000001,0.9840000000000001,0.9142857142857144,0.0,0.0,0.8298241992507183,0.0,0.0
1495.0,0.9527818181818182,0.9840000000000001,0.9840000000000001,0.9840000000000001,0.9142857142857144,0.0,0.0,0.8299667426296025,0.0,0.0
1500.0,0.9530909090909092,0.9840000000000001,0.9840000000000001,0.9840000000000001,0.9142857142857144,0.0,0.0,0.8302359912341615,0.0,0.0
1505.0,0.9530909090909092,0.9840000000000001,0.9840000000000001,0.9840000000000001,0.9142857142857144,0.0,0.0,0.8302359912341615,0.0,0.0
1510.0,0.9534545454545456,0.9840000000000001,0.9840000000000001,0.9840000000000001,0.9142857142857144,0.0,0.0,0.8305527542983484,0.0,0.0
1515.0,0.9534545454545456,0.9840000000000001,0.9840000000000001,0.9840000000000001,0.9142857142857144,0.0,0.0,0.8305527542983484,0.0,0.0
1520.0,0.953818181818182,0.9840000000000001,0.9840000000000001,0.9840000000000001,0.9142857142857144,0.0,0.0,0.8308695173625357,0.0,0.0
1525.0,0.953818181818182,0.9840000000000001,0.9840000000000001,0.9840000000000001,0.9142857142857144,0.0,0.0,0.8308695173625357,0.0,0.0
1530.0,0.9542181818181819,0.9840000000000001,0.9840000000000001,0.9840000000000001,0.9142857142857144,0.0,0.0,0.831217956733141,0.0,0.0
1535.0,0.9545454545454548,0.9840000000000001,0.9840000000000001,0.9840000000000001,0.9142857142857144,0.0,0.0,0.8315030434909096,0.0,0.0
1540.0,0.9545454545454548,0.9840000000000001,0.9840000000000001,0.9840000000000001,0.9142857142857144,0.0,0.0,0.8315030434909096,0.0,0.0
1545.0,0.954909090909091,0.9840000000000001,0.9840000000000001,0.9840000000000001,0.9142857142857144,0.0,0.0,0.8318198065550966,0.0,0.0
1550.0,0.954909090909091,0.9840000000000001,0.9840000000000001,0.9840000000000001,0.9142857142857144,0.0,0.0,0.8318198065550966,0.0,0.0
1555.0,0.9550363636363638,0.9840000000000001,0.9840000000000001,0.9840000000000001,0.9142857142857144,0.0,0.0,0.8319306736275621,0.0,0.0
1560.0,0.9552727272727276,0.9840000000000001,0.9840000000000001,0.9840000000000001,0.9142857142857144,0.0,0.0,0.8321365696192837,0.0,0.0
1565.0,0.9552727272727276,0.9840000000000001,0.9840000000000001,0.9840000000000001,0.9142857142857144,0.0,0.0,0.8321365696192837,0.0,0.0
1570.0,0.9556000000000001,0.9840000000000001,0.9840000000000001,0.9840000000000001,0.9142857142857144,0.0,0.0,0.8324216563770519,0.0,0.0
1575.0,0.9557272727272728,0.9840000000000001,0.9840000000000001,0.9840000000000001,0.9142857142857144,0.0,0.0,0.8325325234495172,0.0,0.0
1580.0,0.956,0.9840000000000001,0.9840000000000001,0.9840000000000001,0.9142857142857144,0.0,0.0,0.8327700957476575,0.0,0.0
1585.0,0.9578181818181819,0.9840000000000001,0.9840000000000001,0.9840000000000001,0.9142857142857144,0.0,0.0,0.8343539110685925,0.0,0.0
1590.0,0.9563636363636364,0.9840000000000001,0.9840000000000001,0.9840000000000001,0.9142857142857144,0.0,0.0,0.8330868588118445,0.0,0.0
1595.0,0.9567272727272729,0.9840000000000001,0.9840000000000001,0.9840000000000001,0.9142857142857144,0.0,0.0,0.8334036218760316,0.0,0.0
1600.0,0.9567272727272729,0.9840000000000001,0.9840000000000001,0.9840000000000001,0.9142857142857144,0.0,0.0,0.8334036218760316,0.0,0.0
1605.0,0.9567272727272729,0.9840000000000001,0.9840000000000001,0.9840000000000001,0.9142857142857144,0.0,0.0,0.8334036218760316,0.0,0.0
1610.0,0.9570909090909092,0.9840000000000001,0.9840000000000001,0.9840000000000001,0.9142857142857144,0.0,0.0,0.8337203849402186,0.0,0.0
1615.0,0.9570909090909092,0.9840000000000001,0.9840000000000001,0.9840000000000001,0.9142857142857144,0.0,0.0,0.8337203849402186,0.0,0.0
1620.0,0.9572363636363638,0.9840000000000001,0.9840000000000001,0.9840000000000001,0.9142857142857144,0.0,0.0,0.8338470901658934,0.0,0.0
1625.0,0.9578181818181819,0.9840000000000001,0.9840000000000001,0.9840000000000001,0.9142857142857144,0.0,0.0,0.8343539110685925,0.0,0.0
1630.0,0.9577818181818183,0.9840000000000001,0.9840000000000001,0.9840000000000001,0.9142857142857144,0.0,0.0,0.8343222347621739,0.0,0.0
1635.0,0.9578000000000001,0.9840000000000001,0.9840000000000001,0.9840000000000001,0.9142857142857144,0.0,0.0,0.8343380729153832,0.0,0.0
1640.0,0.9590545454545456,0.9840000000000001,0.9840000000000001,0.9840000000000001,0.9142857142857144,0.0,0.0,0.8354309054868285,0.0,0.0
1645.0,0.9590363636363638,0.9840000000000001,0.9840000000000001,0.9840000000000001,0.9142857142857144,0.0,0.0,0.8354150673336191,0.0,0.0
1650.0,0.9592727272727274,0.9840000000000001,0.9840000000000001,0.9840000000000001,0.9142857142857144,0.0,0.0,0.8356209633253407,0.0,0.0
1655.0,0.9586727272727273,0.9840000000000001,0.9840000000000001,0.9840000000000001,0.9142857142857144,0.0,0.0,0.8350983042694321,0.0,0.0
1660.0,0.9595636363636366,0.9840000000000001,0.9840000000000001,0.9840000000000001,0.9142857142857144,0.0,0.0,0.8358743737766904,0.0,0.0
1665.0,0.9592727272727274,0.9840000000000001,0.9840000000000001,0.9840000000000001,0.9142857142857144,0.0,0.0,0.8356209633253407,0.0,0.0
1670.0,0.9592727272727274,0.9840000000000001,0.9840000000000001,0.9840000000000001,0.9142857142857144,0.0,0.0,0.8356209633253407,0.0,0.0
1675.0,0.9591818181818182,0.9840000000000001,0.9840000000000001,0.9840000000000001,0.9142857142857144,0.0,0.0,0.8355417725592938,0.0,0.0
1680.0,0.9596363636363638,0.9840000000000001,0.9840000000000001,0.9840000000000001,0.9142857142857144,0.0,0.0,0.8359377263895278,0.0,0.0
1685.0,0.9596363636363638,0.9840000000000001,0.9840000000000001,0.9840000000000001,0.9142857142857144,0.0,0.0,0.8359377263895278,0.0,0.0
1690.0,0.9597454545454547,0.9840000000000001,0.9840000000000001,0.9840000000000001,0.9142857142857144,0.0,0.0,0.8360327553087837,0.0,0.0
1695.0,0.96,0.9840000000000001,0.9840000000000001,0.9840000000000001,0.9142857142857144,0.0,0.0,0.8362544894537145,0.0,0.0
1700.0,0.96,0.9840000000000001,0.9840000000000001,0.9840000000000001,0.9142857142857144,0.0,0.0,0.8362544894537145,0.0,0.0
1705.0,0.96,0.9840000000000001,0.9840000000000001,0.9840000000000001,0.9142857142857144,0.0,0.0,0.8362544894537145,0.0,0.0
1710.0,0.9603636363636364,0.9840000000000001,0.9840000000000001,0.9840000000000001,0.9142857142857144,0.0,0.0,0.8365712525179018,0.0,0.0
1715.0,0.9603636363636364,0.9840000000000001,0.9840000000000001,0.9840000000000001,0.9142857142857144,0.0,0.0,0.8365712525179018,0.0,0.0
1720.0,0.9603636363636364,0.9840000000000001,0.9840000000000001,0.9840000000000001,0.9142857142857144,0.0,0.0,0.8365712525179018,0.0,0.0
1725.0,0.9607272727272728,0.9840000000000001,0.9840000000000001,0.9840000000000001,0.9142857142857144,0.0,0.0,0.8368880155820887,0.0,0.0
1730.0,0.9607272727272728,0.9840000000000001,0.9840000000000001,0.9840000000000001,0.9142857142857144,0.0,0.0,0.8368880155820887,0.0,0.0
1735.0,0.9607272727272728,0.9840000000000001,0.9840000000000001,0.9840000000000001,0.9142857142857144,0.0,0.0,0.8368880155820887,0.0,0.0
1740.0,0.9610909090909092,0.9840000000000001,0.9840000000000001,0.9840000000000001,0.9142857142857144,0.0,0.0,0.8372047786462757,0.0,0.0
1745.0,0.9607272727272728,0.9840000000000001,0.9840000000000001,0.9840000000000001,0.9142857142857144,0.0,0.0,0.8368880155820887,0.0,0.0
1750.0,0.9605454545454546,0.9840000000000001,0.9840000000000001,0.9840000000000001,0.9142857142857144,0.0,0.0,0.8367296340499951,0.0,0.0
1755.0,0.9615818181818183,0.9840000000000001,0.9840000000000001,0.9840000000000001,0.9142857142857144,0.0,0.0,0.8376324087829282,0.0,0.0
1760.0,0.961818181818182,0.9840000000000001,0.9840000000000001,0.9840000000000001,0.9142857142857144,0.0,0.0,0.8378383047746499,0.0,0.0
1765.0,0.961818181818182,0.9840000000000001,0.9840000000000001,0.9840000000000001,0.9142857142857144,0.0,0.0,0.8378383047746499,0.0,0.0
1770.0,0.961818181818182,0.9840000000000001,0.9840000000000001,0.9840000000000001,0.9142857142857144,0.0,0.0,0.8378383047746499,0.0,0.0
1775.0,0.9621818181818184,0.9840000000000001,0.9840000000000001,0.9840000000000001,0.9142857142857144,0.0,0.0,0.8381550678388368,0.0,0.0
1780.0,0.9615272727272729,0.9840000000000001,0.9840000000000001,0.9840000000000001,0.9142857142857144,0.0,0.0,0.8375848943233002,0.0,0.0
1785.0,0.9610909090909092,0.9840000000000001,0.9840000000000001,0.9840000000000001,0.9142857142857144,0.0,0.0,0.8372047786462757,0.0,0.0
1790.0,0.9610909090909092,0.9840000000000001,0.9840000000000001,0.9840000000000001,0.9142857142857144,0.0,0.0,0.8372047786462757,0.0,0.0
1795.0,0.9622909090909092,0.9840000000000001,0.9840000000000001,0.9840000000000001,0.9142857142857144,0.0,0.0,0.8382500967580929,0.0,0.0
1800.0,0.9629090909090909,0.9840000000000001,0.9840000000000001,0.9840000000000001,0.9142857142857144,0.0,0.0,0.8387885939672107,0.0,0.0
