# RTX BOL/EOL ratio smoothed with Gaussian kernel, sigma=45px
# See plot
Wavelength nm,ratio
400.0,0.8823529411764709
401.6016016016016,0.8823529411764709
403.2032032032032,0.8823529411764709
404.8048048048048,0.8823529411764709
406.4064064064064,0.8823529411764709
408.008008008008,0.8823529411764709
409.6096096096096,0.8823529411764709
411.2112112112112,0.8823529411764709
412.8128128128128,0.8823530207001259
414.4144144144144,0.8823531075947788
416.016016016016,0.8823532024967662
417.6176176176176,0.8823533060927921
419.2192192192192,0.8823534191234919
420.8208208208208,0.8823535423872123
422.4224224224224,0.8823536767440151
424.024024024024,0.8823538231199166
425.6256256256256,0.8823539825113729
427.2272272272272,0.8823541559900206
428.8288288288288,0.8823543447076843
430.4304304304304,0.8823545499016607
432.032032032032,0.8823547729002923
433.6336336336336,0.8823550151288381
435.2352352352352,0.8823552781156554
436.8368368368368,0.8823555634987021
438.4384384384384,0.8823558730323706
440.04004004004,0.8823562085946632
441.6416416416416,0.882356572194722
443.2432432432432,0.8823569659807203
444.84484484484483,0.8823573922481291
446.44644644644643,0.8823578534483659
448.04804804804803,0.8823583521978364
449.64964964964963,0.8823588912873791
451.25125125125123,0.8823594736921188
452.85285285285283,0.88236010258174
454.45445445445444,0.8823607813311859
456.05605605605604,0.8823615135317886
457.65765765765764,0.8823623030028399
459.25925925925924,0.8823631538036034
460.86086086086084,0.882364070245775
462.46246246246244,0.8823650569063937
464.06406406406404,0.8823661186412033
465.66566566566564,0.8823672605984684
467.26726726726724,0.8823684882332401
468.86886886886884,0.8823698073220732
470.47047047047045,0.8823712239781867
472.07207207207205,0.8823727446670663
473.67367367367365,0.8823743762224987
475.27527527527525,0.8823761258630298
476.87687687687685,0.8823780012088354
478.47847847847845,0.8823800102989916
480.08008008008005,0.8823821616091289
481.68168168168165,0.8823844640694528
483.28328328328325,0.8823869270831115
484.88488488488485,0.8823895605448865
486.4864864864865,0.8823923748601827
488.0880880880881,0.8823953809642902
489.6896896896897,0.8823985903418852
491.2912912912913,0.8824020150467403
492.8928928928929,0.8824056677216047
494.4944944944945,0.8824095616182168
496.0960960960961,0.8824137106174069
497.6976976976977,0.8824181292492443
499.2992992992993,0.8824228327131804
500.9009009009009,0.8824278368981365
502.5025025025025,0.8824331584024818
504.1041041041041,0.8824388145538428
505.7057057057057,0.8824448234286837
507.3073073073073,0.8824512038715934
508.9089089089089,0.8824579755142112
510.5105105105105,0.8824651587937212
512.1121121121121,0.8824727749708416
513.7137137137137,0.8824808461472319
515.3153153153153,0.8824893952822395
516.9169169169169,0.8824984462089024
518.5185185185185,0.8825080236491241
520.1201201201202,0.8825181532279324
521.7217217217217,0.8825288614867335
523.3233233233234,0.882540175895468
524.9249249249249,0.8825521248635769
526.5265265265266,0.8825647377496809
528.1281281281281,0.8825780448698752
529.7297297297298,0.8825920775045436
531.3313313313313,0.8826068679035913
532.932932932933,0.8826224492899966
534.5345345345345,0.8826388558615816
536.1361361361362,0.8826561227909021
537.7377377377377,0.8826742862231552
539.3393393393394,0.8826933832720087
540.9409409409409,0.8827134520132508
542.5425425425426,0.8827345314761657
544.1441441441441,0.8827566616325406
545.7457457457458,0.8827798833832115
547.3473473473473,0.882804238542058
548.948948948949,0.882829769817363
550.5505505505505,0.8828565207904527
552.1521521521522,0.882884535891541
553.7537537537537,0.8829138603727036
555.3553553553554,0.8829445402779149
556.9569569569569,0.8829766224100845
558.5585585585586,0.8830101542950368
560.1601601601601,0.8830451841423864
561.7617617617618,0.8830817608032632
563.3633633633633,0.8831199337248558
564.964964964965,0.8831597529017453
566.5665665665665,0.883201268824011
568.1681681681682,0.8832445324220982
569.7697697697697,0.8832895950084516
571.3713713713714,0.8833365082159194
572.972972972973,0.883385323932952
574.5745745745746,0.8834360942356257
576.1761761761762,0.8834888713165306
577.7777777777778,0.8835437074105783
579.3793793793794,0.8836006547177913
580.980980980981,0.8836597653231517
582.5825825825826,0.8837210911135963
584.1841841841842,0.8837846836922556
585.7857857857858,0.883850594290053
587.3873873873874,0.8839188736747831
588.988988988989,0.8839895720578087
590.5905905905906,0.8840627389985234
592.1921921921922,0.8841384233067392
593.7937937937938,0.8842166729431732
595.3953953953954,0.8842975349182157
596.996996996997,0.8843810551891759
598.5985985985986,0.8844672785562117
600.2002002002002,0.884556248557161
601.8018018018018,0.8846480073615026
603.4034034034034,0.8847425956636844
605.005005005005,0.8848400525760662
606.6066066066066,0.8849404155217346
608.2082082082082,0.8850437201274524
609.8098098098098,0.885150000117017
611.4114114114114,0.8852592872053062
613.013013013013,0.885371610993295
614.6146146146147,0.8854869988643369
616.2162162162163,0.8856054758820022
617.8178178178179,0.8857270646897732
619.4194194194195,0.8858517854128963
621.021021021021,0.8859796555626944
622.6226226226227,0.8861106899436427
624.2242242242243,0.8862449005635104
625.8258258258259,0.8863822965468687
627.4274274274275,0.8865228840522665
629.0290290290291,0.8866666661933638
630.6306306306307,0.8868136429643174
632.2322322322323,0.8869638111697002
633.8338338338339,0.8871171643592312
635.4354354354355,0.8872736927675845
637.0370370370371,0.8874333832595389
638.6386386386387,0.8875962192807121
640.2402402402403,0.8877621808141208
641.8418418418419,0.8879312443427895
643.4434434434435,0.888103382818618
645.0450450450451,0.8882785656377055
646.6466466466467,0.88845675862231
648.2482482482483,0.8886379240096084
649.8498498498499,0.8888220204474028
651.4514514514515,0.8890090029969011
653.0530530530531,0.8891988231426834
654.6546546546547,0.88939142880994
656.2562562562563,0.889586764389054
657.8578578578579,0.8897847707675748
659.4594594594595,0.8899853853696101
661.0610610610611,0.8901885422026425
662.6626626626627,0.8903941719117527
664.2642642642643,0.890602201841211
665.8658658658659,0.8908125561033765
667.4674674674675,0.8910251556548187
669.0690690690691,0.8912399183795549
670.6706706706707,0.8914567591792765
672.2722722722723,0.8916755900704111
673.8738738738739,0.8918963202878485
675.4754754754755,0.8921188563951359
677.0770770770771,0.8923431024009274
678.6786786786787,0.8925689598814512
680.2802802802803,0.8927963281087392
681.8818818818819,0.8930251041843433
683.4834834834835,0.8932551831782481
685.0850850850851,0.893486458272665
686.6866866866867,0.8937188209103848
688.2882882882883,0.8939521609473448
689.8898898898899,0.8941863668090533
691.4914914914915,0.8944213256505031
693.0930930930931,0.8946569235191911
694.6946946946947,0.8948930455208527
696.2962962962963,0.8951295759875088
697.8978978978979,0.8953663986474156
699.4994994994995,0.895603396796503
701.1011011011011,0.8958404534708769
702.7027027027027,0.8960774516199643
704.3043043043043,0.8963142742798712
705.9059059059059,0.8965508047465272
707.5075075075075,0.8967869267481887
709.1091091091091,0.8970225246168767
710.7107107107107,0.8972574834583265
712.3123123123123,0.897491689320035
713.9139139139139,0.897725029356995
715.5155155155155,0.8979573919947149
717.1171171171171,0.8981886670891318
718.7187187187187,0.8984187460830365
720.3203203203203,0.8986475221586407
721.9219219219219,0.8988748903859286
723.5235235235235,0.8991007478664524
725.1251251251251,0.8993249938722441
726.7267267267267,0.8995475299795315
728.3283283283283,0.8997682601969688
729.9299299299299,0.8999870910881034
731.5315315315315,0.900203931887825
733.1331331331331,0.9004186946125612
734.7347347347347,0.9006312941640034
736.3363363363363,0.9008416484261691
737.9379379379379,0.9010496783556274
739.5395395395395,0.9012553080647375
741.1411411411411,0.9014584648977699
742.7427427427428,0.9016590794998053
744.3443443443443,0.901857085878326
745.945945945946,0.90205242145744
747.5475475475475,0.9022450271246966
749.1491491491493,0.9024348472704788
750.7507507507507,0.9026218298199772
752.3523523523525,0.9028059262577715
753.9539539539539,0.9029870916450699
755.5555555555557,0.9031652846296744
757.1571571571571,0.903340467448762
758.7587587587589,0.9035126059245905
760.3603603603603,0.9036816694532591
761.9619619619621,0.9038476309866679
763.5635635635635,0.904010467007841
765.1651651651653,0.9041701574997955
766.7667667667668,0.9043266859081489
768.3683683683685,0.9044800390976797
769.96996996997,0.9046302073030627
771.5715715715717,0.9047771840740163
773.1731731731732,0.9049209662151136
774.7747747747749,0.9050615537205114
776.3763763763764,0.9051989497038698
777.9779779779781,0.9053331603237373
779.5795795795796,0.9054641947046856
781.1811811811813,0.9055920648544837
782.7827827827828,0.9057167855776068
784.3843843843845,0.9058383743853778
785.985985985986,0.9059568514030432
787.5875875875877,0.9060722392740851
789.1891891891892,0.9061845630620738
790.7907907907909,0.906293850150363
792.3923923923924,0.9064001301399277
793.9939939939941,0.9065034347456454
795.5955955955956,0.9066037976913138
797.1971971971973,0.9067012546036957
798.7987987987988,0.9067958429058774
800.4004004004005,0.9068876017102191
802.002002002002,0.9069765717111685
803.6036036036037,0.9070627950782043
805.2052052052052,0.9071463153491645
806.8068068068069,0.9072271773242069
808.4084084084084,0.9073054269606409
810.0100100100101,0.9073811112688567
811.6116116116116,0.9074542782095714
813.2132132132133,0.9075249920429072
814.8148148148148,0.907593288310027
816.4164164164165,0.9076592173459247
818.018018018018,0.9077228300518119
819.6196196196197,0.9077841778025066
821.2212212212212,0.9078433123562472
822.8228228228229,0.9079002857670675
824.4244244244244,0.9079551502998617
826.0260260260261,0.9080079583482497
827.6276276276276,0.9080587623553463
829.2292292292293,0.908107614737525
830.8308308308308,0.908154567811251
832.4324324324325,0.9081996737230529
834.034034034034,0.9082429843826862
835.6356356356357,0.9082845513995335
837.2372372372372,0.908324426022272
838.8388388388389,0.9083626590818346
840.4404404404404,0.908399300937671
842.0420420420421,0.9084344014273177
843.6436436436436,0.9084680098192641
845.2452452452453,0.9085001747691016
846.8468468468468,0.9085309442789303
848.4484484484485,0.9085603656599901
850.05005005005,0.9085884854984752
851.6516516516517,0.9086153496244856
853.2532532532532,0.9086410030840599
854.8548548548549,0.9086654901142275
856.4564564564564,0.9086888541210154
858.0580580580581,0.9087111376603375
859.6596596596596,0.9087323824216864
861.2612612612613,0.9087526292145504
862.8628628628628,0.9087719179574669
864.4644644644645,0.908790287669626
866.066066066066,0.9088077764649293
867.6676676676677,0.9088244215484129
869.2692692692692,0.9088402592149344
870.8708708708709,0.908855324850027
872.4724724724724,0.9088696529328205
874.0740740740741,0.9088832770409274
875.6756756756756,0.9088962298571917
877.2772772772773,0.9089085431782
878.8788788788789,0.9089202479244506
880.4804804804805,0.9089313741520784
882.0820820820821,0.9089419510660354
883.6836836836837,0.908952007034625
885.2852852852853,0.90896156960529
886.8868868868869,0.908970665521555
888.4884884884885,0.908979320741029
890.0900900900901,0.9089875604543679
891.6916916916917,0.9089954091051069
893.2932932932933,0.9090028904102698
894.894894894895,0.9090100273816641
896.4964964964965,0.9090168423477764
898.0980980980981,0.90902335697618
899.6996996996997,0.9090295922963757
901.3013013013014,0.9090355687229804
902.902902902903,0.9090413060791892
904.5045045045046,0.9090468236204339
906.1061061061062,0.9090521400581646
907.7077077077078,0.9090572735836849
909.3093093093094,0.9090622418919722
910.910910910911,0.9090670622054178
912.5125125125126,0.9090717512974248
914.1141141141142,0.9090763255158023
915.7157157157158,0.9090808008059
917.3173173173174,0.9090851927334267
918.918918918919,0.9090895165069
920.5205205205206,0.909093786999678
922.1221221221222,0.9090980187715252
923.7237237237238,0.9091022260896641
925.3253253253254,0.9091064229492738
926.926926926927,0.9091106230933907
928.5285285285286,0.9091148400321752
930.1301301301302,0.9091190870615047
931.7317317317318,0.9091233772808617
933.3333333333334,0.9091277236104821
934.934934934935,0.9091321388077332
936.5365365365366,0.9091366354826949
938.1381381381382,0.9091412261129137
939.7397397397398,0.9091459230573096
941.3413413413414,0.9091507385692082
942.942942942943,0.9091556848084809
944.5445445445446,0.9091607738527707
946.1461461461462,0.9091660177077896
947.7477477477478,0.9091714283166684
949.3493493493494,0.909177017568349
950.950950950951,0.9091827973050033
952.5525525525526,0.9091887793284715
954.1541541541542,0.9091949754057108
955.7557557557558,0.9092013972732458
957.3573573573574,0.909208056640619
958.958958958959,0.9092149651928366
960.5605605605606,0.909222134591809
962.1621621621622,0.9092295764767864
963.7637637637638,0.9092373024637928
965.3653653653654,0.9092453241440638
966.966966966967,0.9092536530814928
968.5685685685686,0.9092623008090954
970.1701701701702,0.9092712788245042
971.7717717717718,0.909280598584503
973.3733733733734,0.9092902714986186
974.974974974975,0.9093003089217858
976.5765765765766,0.9093107221461036
978.1781781781782,0.9093215223917058
979.7797797797798,0.9093327207967672
981.3813813813814,0.9093443284066719
982.982982982983,0.9093563561623724
984.5845845845846,0.9093688148879664
986.1861861861862,0.9093817152775259
987.7877877877878,0.909395067881212
989.3893893893894,0.909408883090712
990.990990990991,0.9094230983820508
992.5925925925926,0.9094378027619328
994.1941941941942,0.9094530055484399
995.7957957957958,0.9094687158750197
997.3973973973974,0.9094849426705205
998.998998998999,0.9095016946389731
1000.6006006006006,0.9095189802391576
1002.2022022022022,0.9095368076640011
1003.8038038038038,0.9095551848198535
1005.4054054054054,0.9095741193056878
1007.007007007007,0.9095936183922748
1008.6086086086086,0.9096136890013856
1010.2102102102102,0.9096343376850725
1011.8118118118118,0.909655570605083
1013.4134134134134,0.9096773935124637
1015.015015015015,0.909699811727409
1016.6166166166166,0.9097228301194125
1018.2182182182182,0.9097464530877795
1019.8198198198198,0.9097706845425576
1021.4214214214214,0.909795527885947
1023.023023023023,0.9098209859942454
1024.6246246246246,0.9098470612003912
1026.2262262262261,0.909873755277158
1027.8278278278278,0.9099010694210639
1029.4294294294295,0.9099290042370485
1031.031031031031,0.9099575597239766
1032.6326326326325,0.9099867352610224
1034.2342342342342,0.9100165295949884
1035.835835835836,0.9100469408286113
1037.4374374374374,0.9100779664099052
1039.039039039039,0.9101096031225904
1040.6406406406406,0.9101418470776527
1042.2422422422424,0.9101746937060797
1043.8438438438438,0.9102081377528121
1045.4454454454453,0.9102421732719491
1047.047047047047,0.9102767936232437
1048.6486486486488,0.9103119914699188
1050.2502502502502,0.9103477587778331
1051.8518518518517,0.9103840868160213
1053.4534534534534,0.9104209661586306
1055.0550550550552,0.910458386688269
1056.6566566566567,0.9104963376007825
1058.2582582582581,0.9105348074114665
1059.8598598598599,0.9105737839627192
1061.4614614614616,0.9106132544331369
1063.063063063063,0.9106532053480497
1064.6646646646645,0.9106936225914873
1066.2662662662663,0.9107344914195652
1067.867867867868,0.910775796475274
1069.4694694694695,0.9108175218046513
1071.071071071071,0.9108596508743115
1072.6726726726727,0.9109021665903034
1074.2742742742744,0.9109450513182628
1075.8758758758759,0.9109882869048215
1077.4774774774774,0.9110318547002324
1079.079079079079,0.9110757355821627
1080.6806806806808,0.9111199099806072
1082.2822822822823,0.9111643579038674
1083.883883883884,0.9112090589655404
1085.4854854854857,0.9112539924124556
1087.0870870870872,0.9112991371534983
1088.6886886886887,0.9113444717892505
1090.2902902902904,0.9113899746423825
1091.891891891892,0.9114356237887213
1093.4934934934936,0.9114813970889236
1095.095095095095,0.9115272722206751
1096.6966966966968,0.9115732267113397
1098.2982982982985,0.9116192379709788
1099.8998998999,0.9116652833256585
1101.5015015015015,0.9117113400509654
1103.1031031031032,0.9117573854056453
1104.704704704705,0.9118033966652843
1106.3063063063064,0.9118493511559489
1107.9079079079079,0.9118952262877003
1109.5095095095096,0.9119409995879025
1111.1111111111113,0.9119866487342414
1112.7127127127128,0.9120321515873733
1114.3143143143143,0.9120774862231255
1115.915915915916,0.9121226309641682
1117.5175175175177,0.9121675644110835
1119.1191191191192,0.9122122654727564
1120.7207207207207,0.9122567133960167
1122.3223223223224,0.9123008877944612
1123.9239239239241,0.9123447686763916
1125.5255255255256,0.9123883364718025
1127.127127127127,0.9124315720583612
1128.7287287287288,0.9124744567863204
1130.3303303303305,0.9125169725023122
1131.931931931932,0.9125591015719724
1133.5335335335335,0.9126008269013498
1135.1351351351352,0.9126421319570586
1136.736736736737,0.9126830007851364
1138.3383383383384,0.912723418028574
1139.93993993994,0.9127633689434869
1141.5415415415416,0.9128028394139046
1143.1431431431433,0.9128418159651571
1144.7447447447448,0.9128802857758411
1146.3463463463463,0.9129182366883547
1147.947947947948,0.9129556572179931
1149.5495495495497,0.9129925365606022
1151.1511511511512,0.9130288645987905
1152.7527527527527,0.9130646319067048
1154.3543543543544,0.9130998297533799
1155.9559559559561,0.9131344501046745
1157.5575575575576,0.9131684856238116
1159.1591591591591,0.9132019296705439
1160.7607607607608,0.913234776298971
1162.3623623623625,0.9132670202540333
1163.963963963964,0.9132986569667183
1165.5655655655655,0.9133296825480124
1167.1671671671672,0.9133600937816353
1168.768768768769,0.9133898881156013
1170.3703703703704,0.9134190636526471
1171.971971971972,0.9134476191395753
1173.5735735735736,0.9134755539555599
1175.1751751751754,0.9135028680994658
1176.7767767767768,0.9135295621762326
1178.3783783783783,0.9135556373823782
1179.97997997998,0.9135810954906768
1181.5815815815818,0.9136059388340662
1183.1831831831832,0.9136301702888443
1184.7847847847847,0.9136537932572113
1186.3863863863864,0.9136768116492148
1187.9879879879882,0.9136992298641601
1189.5895895895897,0.9137210527715408
1191.1911911911911,0.9137422856915512
1192.7927927927929,0.913762934375238
1194.3943943943946,0.913783004984349
1195.995995995996,0.913802504070936
1197.5975975975975,0.9138214385567701
1199.1991991991993,0.9138398157126226
1200.800800800801,0.9138576431374661
1202.4024024024025,0.9138749287376505
1204.004004004004,0.9138916807061033
1205.6056056056057,0.913907907501604
1207.2072072072074,0.9139236178281838
1208.8088088088089,0.9139388206146909
1210.4104104104103,0.9139535249945728
1212.012012012012,0.9139677402859117
1213.6136136136138,0.9139814759717567
1215.2152152152153,0.91399474168079
1216.8168168168168,0.914007547168362
1218.4184184184185,0.9140199022979301
1220.0200200200202,0.9140318170229307
1221.6216216216217,0.914043301369115
1223.2232232232232,0.9140543654173736
1224.8248248248249,0.9140650192870743
1226.4264264264266,0.9140752731199357
1228.028028028028,0.9140851370644553
1229.6296296296296,0.9140946212609073
1231.2312312312313,0.9141037358269296
1232.832832832833,0.9141124908437068
1234.4344344344345,0.9141208963427638
1236.036036036036,0.9141289622933755
1237.6376376376377,0.9141366985905997
1239.2392392392394,0.9141441150439377
1240.8408408408409,0.9141512213666223
1242.4424424424424,0.914158027165536
1244.044044044044,0.9141645419317552
1245.6456456456458,0.9141707750317196
1247.2472472472473,0.9141767356990178
1248.8488488488488,0.9141824330267866
1250.4504504504505,0.9141878759607123
1252.0520520520522,0.9141930732926269
1253.6536536536537,0.9141980336546861
1255.2552552552552,0.9142027655141192
1256.856856856857,0.9142072771685352
1258.4584584584586,0.9142115767417738
1260.06006006006,0.914215672180283
1261.6616616616616,0.91421957125001
1263.2632632632633,0.9142232815337873
1264.864864864865,0.9142268104291964
1266.4664664664665,0.9142301651468929
1268.068068068068,0.9142333527093723
1269.6696696696697,0.9142363799501597
1271.2712712712714,0.9142392535134032
1272.872872872873,0.914241979853853
1274.4744744744744,0.9142445652372051
1276.076076076076,0.914247015740791
1277.6776776776778,0.914249337254595
1279.2792792792793,0.9142515354825778
1280.8808808808808,0.9142536159442877
1282.4824824824825,0.9142555839767419
1284.0840840840842,0.9142574447365563
1285.6856856856857,0.914259203202308
1287.2872872872872,0.9142608641771095
1288.888888888889,0.9142624322913796
1290.4904904904906,0.9142639120057916
1292.0920920920921,0.9142653076143821
1293.6936936936936,0.9142666232478049
1295.2952952952953,0.9142678628767131
1296.896896896897,0.9142690303152536
1298.4984984984985,0.9142701292246609
1300.1001001001,0.9142711631169337
1301.7017017017017,0.9142721353585823
1303.3033033033034,0.9142730491744328
1304.904904904905,0.9142739076514754
1306.5065065065064,0.9142747137427467
1308.1081081081081,0.9142754702712313
1309.7097097097098,0.9142761799337764
1311.3113113113113,0.9142768453050054
1312.9129129129128,0.9142774688412239
1314.5145145145145,0.9142780528843076
1316.1161161161162,0.9142785996655651
1317.7177177177177,0.9142791113095672
1319.3193193193192,0.9142795898379351
1320.920920920921,0.9142800371730838
1322.5225225225226,0.9142804551419105
1324.1241241241241,0.9142808454794266
1325.7257257257256,0.9142812098323259
1327.3273273273273,0.9142815497624862
1328.928928928929,0.9142818667503988
1330.5305305305305,0.914282162198524
1332.132132132132,0.9142824374345689
1333.7337337337337,0.9142826937146851
1335.3353353353355,0.9142829322265835
1336.936936936937,0.9142831540925664
1338.5385385385384,0.9142833603724724
1340.1401401401401,0.9142835520665353
1341.7417417417419,0.9142837301181573
1343.3433433433433,0.9142838954165914
1344.9449449449448,0.9142840487995385
1346.5465465465466,0.9142841910556556
1348.1481481481483,0.9142843229269765
1349.7497497497498,0.9142844451112457
1351.3513513513512,0.9142845582641667
1352.952952952953,0.9142846630015634
1354.5545545545547,0.9142847599014606
1356.1561561561562,0.914284849506078
1357.7577577577579,0.914284932323746
1359.3593593593596,0.9142850088307399
1360.960960960961,0.914285079473037
1362.5625625625626,0.9142851446679968
1364.1641641641643,0.9142852048059666
1365.765765765766,0.9142852602518158
1367.3673673673675,0.9142853113463975
1368.968968968969,0.9142853584079434
1370.5705705705707,0.9142854017333919
1372.1721721721724,0.9142854415996502
1373.7737737737739,0.9142854782647962
1375.3753753753754,0.9142855119692193
1376.976976976977,0.9142855429367022
1378.5785785785788,0.9142855713754487
1380.1801801801803,0.9142855974790561
1381.7817817817818,0.9142856214274361
1383.3833833833835,0.9142856433876864
1384.9849849849852,0.9142856635149142
1386.5865865865867,0.9142856819530146
1388.1881881881882,0.9142856988354043
1389.78978978979,0.9142857142857145
1391.3913913913916,0.9142857142857145
1392.992992992993,0.9142857142857145
1394.5945945945946,0.9142857142857145
1396.1961961961963,0.9142857142857145
1397.797797797798,0.9142857142857145
1399.3993993993995,0.9142857142857145
1401.001001001001,0.9142857142857145
1402.6026026026027,0.9142857142857145
1404.2042042042044,0.9142857142857145
1405.805805805806,0.9142857142857145
1407.4074074074074,0.9142857142857145
1409.009009009009,0.9142857142857145
1410.6106106106108,0.9142857142857145
1412.2122122122123,0.9142857142857145
1413.8138138138138,0.9142857142857145
1415.4154154154155,0.9142857142857145
1417.0170170170172,0.9142857142857145
1418.6186186186187,0.9142857142857145
1420.2202202202202,0.9142857142857145
1421.821821821822,0.9142857142857145
1423.4234234234236,0.9142857142857145
1425.0250250250251,0.9142857142857145
1426.6266266266266,0.9142857142857145
1428.2282282282283,0.9142857142857145
1429.8298298298298,0.9142857142857145
1431.4314314314315,0.9142857142857145
1433.033033033033,0.9142857142857145
1434.6346346346347,0.9142857142857145
1436.2362362362362,0.9142857142857145
1437.837837837838,0.9142857142857145
1439.4394394394394,0.9142857142857145
1441.0410410410411,0.9142857142857145
1442.6426426426426,0.9142857142857145
1444.2442442442443,0.9142857142857145
1445.8458458458458,0.9142857142857145
1447.4474474474475,0.9142857142857145
1449.049049049049,0.9142857142857145
1450.6506506506507,0.9142857142857145
1452.2522522522522,0.9142857142857145
1453.853853853854,0.9142857142857145
1455.4554554554554,0.9142857142857145
1457.0570570570571,0.9142857142857145
1458.6586586586586,0.9142857142857145
1460.2602602602603,0.9142857142857145
1461.8618618618618,0.9142857142857145
1463.4634634634635,0.9142857142857145
1465.065065065065,0.9142857142857145
1466.6666666666667,0.9142857142857145
1468.2682682682682,0.9142857142857145
1469.86986986987,0.9142857142857145
1471.4714714714714,0.9142857142857145
1473.0730730730731,0.9142857142857145
1474.6746746746746,0.9142857142857145
1476.2762762762763,0.9142857142857145
1477.8778778778778,0.9142857142857145
1479.4794794794796,0.9142857142857145
1481.081081081081,0.9142857142857145
1482.6826826826828,0.9142857142857145
1484.2842842842842,0.9142857142857145
1485.885885885886,0.9142857142857145
1487.4874874874874,0.9142857142857145
1489.0890890890892,0.9142857142857145
1490.6906906906906,0.9142857142857145
1492.2922922922924,0.9142857142857145
1493.893893893894,0.9142857142857145
1495.4954954954956,0.9142857142857145
1497.0970970970973,0.9142857142857145
1498.6986986986988,0.9142857142857145
1500.3003003003005,0.9142857142857145
1501.901901901902,0.9142857142857145
1503.5035035035037,0.9142857142857145
1505.1051051051052,0.9142857142857145
1506.7067067067069,0.9142857142857145
1508.3083083083084,0.9142857142857145
1509.90990990991,0.9142857142857145
1511.5115115115116,0.9142857142857145
1513.1131131131133,0.9142857142857145
1514.7147147147148,0.9142857142857145
1516.3163163163165,0.9142857142857145
1517.917917917918,0.9142857142857145
1519.5195195195197,0.9142857142857145
1521.1211211211212,0.9142857142857145
1522.722722722723,0.9142857142857145
1524.3243243243244,0.9142857142857145
1525.925925925926,0.9142857142857145
1527.5275275275276,0.9142857142857145
1529.1291291291293,0.9142857142857145
1530.7307307307308,0.9142857142857145
1532.3323323323325,0.9142857142857145
1533.933933933934,0.9142857142857145
1535.5355355355357,0.9142857142857145
1537.1371371371372,0.9142857142857145
1538.738738738739,0.9142857142857145
1540.3403403403404,0.9142857142857145
1541.941941941942,0.9142857142857145
1543.5435435435436,0.9142857142857145
1545.1451451451453,0.9142857142857145
1546.7467467467468,0.9142857142857145
1548.3483483483485,0.9142857142857145
1549.94994994995,0.9142857142857145
1551.5515515515517,0.9142857142857145
1553.1531531531532,0.9142857142857145
1554.754754754755,0.9142857142857145
1556.3563563563564,0.9142857142857145
1557.9579579579581,0.9142857142857145
1559.5595595595596,0.9142857142857145
1561.1611611611613,0.9142857142857145
1562.7627627627628,0.9142857142857145
1564.3643643643645,0.9142857142857145
1565.965965965966,0.9142857142857145
1567.5675675675677,0.9142857142857145
1569.1691691691692,0.9142857142857145
1570.770770770771,0.9142857142857145
1572.3723723723724,0.9142857142857145
1573.9739739739741,0.9142857142857145
1575.5755755755756,0.9142857142857145
1577.1771771771773,0.9142857142857145
1578.7787787787788,0.9142857142857145
1580.3803803803805,0.9142857142857145
1581.981981981982,0.9142857142857145
1583.5835835835837,0.9142857142857145
1585.1851851851852,0.9142857142857145
1586.786786786787,0.9142857142857145
1588.3883883883884,0.9142857142857145
1589.9899899899901,0.9142857142857145
1591.5915915915916,0.9142857142857145
1593.1931931931933,0.9142857142857145
1594.7947947947948,0.9142857142857145
1596.3963963963965,0.9142857142857145
1597.997997997998,0.9142857142857145
1599.5995995995997,0.9142857142857145
1601.2012012012012,0.9142857142857145
1602.802802802803,0.9142857142857145
1604.4044044044044,0.9142857142857145
1606.0060060060061,0.9142857142857145
1607.6076076076076,0.9142857142857145
1609.2092092092093,0.9142857142857145
1610.8108108108108,0.9142857142857145
1612.4124124124126,0.9142857142857145
1614.014014014014,0.9142857142857145
1615.6156156156158,0.9142857142857145
1617.2172172172172,0.9142857142857145
1618.818818818819,0.9142857142857145
1620.4204204204204,0.9142857142857145
1622.0220220220222,0.9142857142857145
1623.6236236236236,0.9142857142857145
1625.2252252252254,0.9142857142857145
1626.8268268268268,0.9142857142857145
1628.4284284284286,0.9142857142857145
1630.03003003003,0.9142857142857145
1631.6316316316318,0.9142857142857145
1633.2332332332332,0.9142857142857145
1634.834834834835,0.9142857142857145
1636.4364364364365,0.9142857142857145
1638.0380380380382,0.9142857142857145
1639.6396396396397,0.9142857142857145
1641.2412412412414,0.9142857142857145
1642.8428428428429,0.9142857142857145
1644.4444444444446,0.9142857142857145
1646.046046046046,0.9142857142857145
1647.6476476476478,0.9142857142857145
1649.2492492492493,0.9142857142857145
1650.850850850851,0.9142857142857145
1652.4524524524525,0.9142857142857145
1654.0540540540542,0.9142857142857145
1655.6556556556557,0.9142857142857145
1657.2572572572574,0.9142857142857145
1658.8588588588589,0.9142857142857145
1660.4604604604606,0.9142857142857145
1662.062062062062,0.9142857142857145
1663.6636636636638,0.9142857142857145
1665.2652652652653,0.9142857142857145
1666.866866866867,0.9142857142857145
1668.4684684684685,0.9142857142857145
1670.0700700700702,0.9142857142857145
1671.6716716716717,0.9142857142857145
1673.2732732732734,0.9142857142857145
1674.8748748748749,0.9142857142857145
1676.4764764764766,0.9142857142857145
1678.078078078078,0.9142857142857145
1679.6796796796798,0.9142857142857145
1681.2812812812813,0.9142857142857145
1682.882882882883,0.9142857142857145
1684.4844844844845,0.9142857142857145
1686.0860860860862,0.9142857142857145
1687.6876876876877,0.9142857142857145
1689.2892892892894,0.9142857142857145
1690.890890890891,0.9142857142857145
1692.4924924924926,0.9142857142857145
1694.094094094094,0.9142857142857145
1695.6956956956958,0.9142857142857145
1697.2972972972973,0.9142857142857145
1698.898898898899,0.9142857142857145
1700.5005005005005,0.9142857142857145
1702.1021021021022,0.9142857142857145
1703.7037037037037,0.9142857142857145
1705.3053053053054,0.9142857142857145
1706.906906906907,0.9142857142857145
1708.5085085085086,0.9142857142857145
1710.11011011011,0.9142857142857145
1711.7117117117118,0.9142857142857145
1713.3133133133133,0.9142857142857145
1714.914914914915,0.9142857142857145
1716.5165165165165,0.9142857142857145
1718.1181181181182,0.9142857142857145
1719.7197197197197,0.9142857142857145
1721.3213213213214,0.9142857142857145
1722.922922922923,0.9142857142857145
1724.5245245245246,0.9142857142857145
1726.126126126126,0.9142857142857145
1727.7277277277278,0.9142857142857145
1729.3293293293293,0.9142857142857145
1730.930930930931,0.9142857142857145
1732.5325325325325,0.9142857142857145
1734.1341341341342,0.9142857142857145
1735.7357357357357,0.9142857142857145
1737.3373373373374,0.9142857142857145
1738.938938938939,0.9142857142857145
1740.5405405405406,0.9142857142857145
1742.1421421421421,0.9142857142857145
1743.7437437437438,0.9142857142857145
1745.3453453453453,0.9142857142857145
1746.946946946947,0.9142857142857145
1748.5485485485485,0.9142857142857145
1750.1501501501502,0.9142857142857145
1751.7517517517517,0.9142857142857145
1753.3533533533534,0.9142857142857145
1754.954954954955,0.9142857142857145
1756.5565565565566,0.9142857142857145
1758.1581581581581,0.9142857142857145
1759.7597597597598,0.9142857142857145
1761.3613613613613,0.9142857142857145
1762.962962962963,0.9142857142857145
1764.5645645645645,0.9142857142857145
1766.1661661661662,0.9142857142857145
1767.767767767768,0.9142857142857145
1769.3693693693695,0.9142857142857145
1770.9709709709712,0.9142857142857145
1772.5725725725727,0.9142857142857145
1774.1741741741744,0.9142857142857145
1775.7757757757759,0.9142857142857145
1777.3773773773776,0.9142857142857145
1778.978978978979,0.9142857142857145
1780.5805805805808,0.9142857142857145
1782.1821821821823,0.9142857142857145
1783.783783783784,0.9142857142857145
1785.3853853853855,0.9142857142857145
1786.9869869869872,0.9142857142857145
1788.5885885885887,0.9142857142857145
1790.1901901901904,0.9142857142857145
1791.7917917917919,0.9142857142857145
1793.3933933933936,0.9142857142857145
1794.994994994995,0.9142857142857145
1796.5965965965968,0.9142857142857145
1798.1981981981983,0.9142857142857145
1799.7997997998,0.9142857142857145
1801.4014014014015,0.9142857142857145
1803.0030030030032,0.9142857142857145
1804.6046046046047,0.9142857142857145
1806.2062062062064,0.9142857142857145
1807.8078078078079,0.9142857142857145
1809.4094094094096,0.9142857142857145
1811.011011011011,0.9142857142857145
1812.6126126126128,0.9142857142857145
1814.2142142142143,0.9142857142857145
1815.815815815816,0.9142857142857145
1817.4174174174175,0.9142857142857145
1819.0190190190192,0.9142857142857145
1820.6206206206207,0.9142857142857145
1822.2222222222224,0.9142857142857145
1823.823823823824,0.9142857142857145
1825.4254254254256,0.9142857142857145
1827.027027027027,0.9142857142857145
1828.6286286286288,0.9142857142857145
1830.2302302302303,0.9142857142857145
1831.831831831832,0.9142857142857145
1833.4334334334335,0.9142857142857145
1835.0350350350352,0.9142857142857145
1836.6366366366367,0.9142857142857145
1838.2382382382384,0.9142857142857145
1839.83983983984,0.9142857142857145
1841.4414414414416,0.9142857142857145
1843.043043043043,0.9142857142857145
1844.6446446446448,0.9142857142857145
1846.2462462462463,0.9142857142857145
1847.847847847848,0.9142857142857145
1849.4494494494495,0.9142857142857145
1851.0510510510512,0.9142857142857145
1852.6526526526527,0.9142857142857145
1854.2542542542544,0.9142857142857145
1855.855855855856,0.9142857142857145
1857.4574574574576,0.9142857142857145
1859.059059059059,0.9142857142857145
1860.6606606606608,0.9142857142857145
1862.2622622622623,0.9142857142857145
1863.863863863864,0.9142857142857145
1865.4654654654655,0.9142857142857145
1867.0670670670672,0.9142857142857145
1868.6686686686687,0.9142857142857145
1870.2702702702704,0.9142857142857145
1871.871871871872,0.9142857142857145
1873.4734734734736,0.9142857142857145
1875.0750750750751,0.9142857142857145
1876.6766766766768,0.9142857142857145
1878.2782782782783,0.9142857142857145
1879.87987987988,0.9142857142857145
1881.4814814814815,0.9142857142857145
1883.0830830830832,0.9142857142857145
1884.6846846846847,0.9142857142857145
1886.2862862862864,0.9142857142857145
1887.887887887888,0.9142857142857145
1889.4894894894896,0.9142857142857145
1891.0910910910911,0.9142857142857145
1892.6926926926928,0.9142857142857145
1894.2942942942943,0.9142857142857145
1895.895895895896,0.9142857142857145
1897.4974974974975,0.9142857142857145
1899.0990990990992,0.9142857142857145
1900.7007007007007,0.9142857142857145
1902.3023023023025,0.9142857142857145
1903.903903903904,0.9142857142857145
1905.5055055055057,0.9142857142857145
1907.1071071071071,0.9142857142857145
1908.7087087087089,0.9142857142857145
1910.3103103103103,0.9142857142857145
1911.911911911912,0.9142857142857145
1913.5135135135135,0.9142857142857145
1915.1151151151153,0.9142857142857145
1916.7167167167167,0.9142857142857145
1918.3183183183185,0.9142857142857145
1919.91991991992,0.9142857142857145
1921.5215215215217,0.9142857142857145
1923.1231231231232,0.9142857142857145
1924.7247247247249,0.9142857142857145
1926.3263263263264,0.9142857142857145
1927.927927927928,0.9142857142857145
1929.5295295295296,0.9142857142857145
1931.1311311311313,0.9142857142857145
1932.7327327327328,0.9142857142857145
1934.3343343343345,0.9142857142857145
1935.935935935936,0.9142857142857145
1937.5375375375377,0.9142857142857145
1939.1391391391392,0.9142857142857145
1940.7407407407409,0.9142857142857145
1942.3423423423424,0.9142857142857145
1943.943943943944,0.9142857142857145
1945.5455455455456,0.9142857142857145
1947.1471471471473,0.9142857142857145
1948.7487487487488,0.9142857142857145
1950.3503503503505,0.9142857142857145
1951.951951951952,0.9142857142857145
1953.5535535535537,0.9142857142857145
1955.1551551551552,0.9142857142857145
1956.7567567567569,0.9142857142857145
1958.3583583583584,0.9142857142857145
1959.95995995996,0.9142857142857145
1961.5615615615616,0.9142857142857145
1963.1631631631633,0.9142857142857145
1964.7647647647648,0.9142857142857145
1966.3663663663665,0.9142857142857145
1967.967967967968,0.9142857142857145
1969.5695695695697,0.9142857142857145
1971.1711711711712,0.9142857142857145
1972.772772772773,0.9142857142857145
1974.3743743743744,0.9142857142857145
1975.975975975976,0.9142857142857145
1977.5775775775776,0.9142857142857145
1979.1791791791793,0.9142857142857145
1980.7807807807808,0.9142857142857145
1982.3823823823825,0.9142857142857145
1983.983983983984,0.9142857142857145
1985.5855855855857,0.9142857142857145
1987.1871871871872,0.9142857142857145
1988.788788788789,0.9142857142857145
1990.3903903903904,0.9142857142857145
1991.991991991992,0.9142857142857145
1993.5935935935936,0.9142857142857145
1995.1951951951953,0.9142857142857145
1996.7967967967968,0.9142857142857145
1998.3983983983985,0.9142857142857145
2000.0#
2000.0,0.9142857142857145
